dataset,metric_family,metric,scope,learning_rate_label,mean_effect,sample_sd,ci95_low,ci95_high,positive_seeds,n_seeds,t_p_two_sided,sign_p_two_sided
xview_test,vessel,ap50_95,head_only,1e-4,0.0026545288539019246,0.002729678656067738,0.0007018343762031454,0.004607223331600704,8,10,0.013241867003257472,0.109375
xview_test,vessel,ap50_95,head_only,2e-4,-0.004805686638791107,0.024231409046677616,-0.02213979244173198,0.012528419164149766,7,10,0.5461348775414031,0.34375
xview_test,vessel,ap50_95,full_network,1e-4,-0.005582270862977548,0.005426083707224433,-0.009463857315315452,-0.0017006844106396443,1,10,0.009944693005619412,0.021484375
xview_test,vessel,ap50_95,full_network,2e-4,-0.0015060379387155862,0.01302052208541249,-0.010820358331858971,0.007808282454427799,5,10,0.7229865117934205,1.0
xview_test,vessel,ap50,head_only,1e-4,0.00811790491420561,0.0036401662938333372,0.0055138868170302915,0.010721923011380927,10,10,5.9717088677377207e-05,0.001953125
xview_test,vessel,ap50,head_only,2e-4,-0.008406148970178929,0.04769731088034942,-0.042526749704666605,0.02571445176430875,8,10,0.5908991779814781,0.109375
xview_test,vessel,ap50,full_network,1e-4,-0.004732670991116022,0.010667685396403385,-0.012363873410155591,0.0028985314279235475,3,10,0.19418104705161296,0.34375
xview_test,vessel,ap50,full_network,2e-4,-0.008277161939614816,0.019128696983501343,-0.021961007428982722,0.005406683549753091,4,10,0.20438803790982502,0.75390625
xview_test,vessel,ap75,head_only,1e-4,-0.0005312209820666963,0.0035005929704545057,-0.00303539433847369,0.001972952374340297,4,10,0.6427594086662797,0.75390625
xview_test,vessel,ap75,head_only,2e-4,-0.005937601599070759,0.025437417688149357,-0.02413443401234874,0.012259230814207222,6,10,0.4792340708181931,0.75390625
xview_test,vessel,ap75,full_network,1e-4,-0.008967975005128331,0.011150564788138867,-0.01694460853179679,-0.0009913414784598722,2,10,0.031539571512103,0.109375
xview_test,vessel,ap75,full_network,2e-4,0.00338563192251472,0.026430264422441212,-0.01552144025870936,0.022292704103738802,4,10,0.6948798701672045,0.75390625
xview_test,aggregate,ap50_95,head_only,1e-4,0.0007257586407696554,0.0005381295964653682,0.00034080391763094723,0.0011107133639083637,10,10,0.002096084563659903,0.001953125
xview_test,aggregate,ap50_95,head_only,2e-4,-0.007331249923611132,0.025391371941483918,-0.025495143194021415,0.010832643346799153,7,10,0.3850252355151226,0.34375
xview_test,aggregate,ap50_95,full_network,1e-4,-0.0016333188896027195,0.0018027561503796564,-0.0029229329515578968,-0.0003437048276475423,2,10,0.01862603557403036,0.109375
xview_test,aggregate,ap50_95,full_network,2e-4,-0.0010570911661161753,0.0024980679738577536,-0.002844101342799465,0.0007299190105671143,4,10,0.21366770385810221,0.75390625
xview_test,aggregate,ap50,head_only,1e-4,0.0020412255066683095,0.0007368827301872995,0.0015140913567383068,0.0025683596565983123,10,10,1.0647352156799727e-05,0.001953125
xview_test,aggregate,ap50,head_only,2e-4,-0.014382353837187173,0.05096271162235507,-0.05083888154323033,0.022074173868855983,9,10,0.39539340028973063,0.021484375
xview_test,aggregate,ap50,full_network,1e-4,-0.0013442569529495186,0.004309577636423989,-0.004427143076982154,0.0017386291710831166,4,10,0.34971695175941303,0.75390625
xview_test,aggregate,ap50,full_network,2e-4,-0.0027375880159552224,0.003035881219778757,-0.004909326612230602,-0.0005658494196798436,2,10,0.019040511969830115,0.109375
xview_test,aggregate,ap75,head_only,1e-4,-9.187838515176683e-05,0.00111479985951749,-0.0008893581634327301,0.0007056013931291964,3,10,0.8002467248655918,0.34375
xview_test,aggregate,ap75,head_only,2e-4,-0.006740437312199125,0.021777883332586925,-0.022319396551588613,0.008838521927190365,5,10,0.35327739154727006,1.0
xview_test,aggregate,ap75,full_network,1e-4,-0.0028474967068520375,0.0032656926980778886,-0.005183632531200028,-0.000511360882504047,2,10,0.02220912050052277,0.109375
xview_test,aggregate,ap75,full_network,2e-4,-0.001089591165988106,0.005747650436531337,-0.005201212598866104,0.0030220302668898915,4,10,0.5636391178049092,0.75390625
hrsc2016_ms,vessel,ap50_95,head_only,1e-4,0.01436300854180309,0.0009664514792508574,0.013671650801835425,0.015054366281770756,10,10,4.477725237873075e-12,0.001953125
hrsc2016_ms,vessel,ap50_95,head_only,2e-4,0.008981000189221095,0.01307882624037687,-0.0003750284838228424,0.018337028862265032,9,10,0.05797352520920072,0.021484375
hrsc2016_ms,vessel,ap50_95,full_network,1e-4,0.008175240036839523,0.003267781183395203,0.005837610200096774,0.010512869873582272,10,10,2.4194454292582928e-05,0.001953125
hrsc2016_ms,vessel,ap50_95,full_network,2e-4,0.0055743633203110595,0.005467644403108507,0.0016630461371555357,0.009485680503466584,9,10,0.010422363565927916,0.021484375
hrsc2016_ms,vessel,ap50,head_only,1e-4,0.0265780585278937,0.002185965367104174,0.02501431310632303,0.028141803949464368,10,10,2.7049975725245777e-11,0.001953125
hrsc2016_ms,vessel,ap50,head_only,2e-4,0.014816023295207476,0.02547157947755642,-0.003405246990043161,0.033037293580458114,9,10,0.09900625856690597,0.021484375
hrsc2016_ms,vessel,ap50,full_network,1e-4,0.004922078070634134,0.0070417047861064605,-0.00011525407791380428,0.009959410219182072,8,10,0.05440980779731055,0.109375
hrsc2016_ms,vessel,ap50,full_network,2e-4,0.0015008925648945294,0.010806562678706864,-0.006229656677123271,0.009231441806912329,5,10,0.6708725585168159,1.0
hrsc2016_ms,vessel,ap75,head_only,1e-4,0.013893993211681476,0.0014154514294452065,0.012881440256561799,0.014906546166801154,10,10,1.8321565745211232e-10,0.001953125
hrsc2016_ms,vessel,ap75,head_only,2e-4,0.0099912512525079,0.010815621733303632,0.0022542215532227357,0.017728280951793064,9,10,0.016997280030891793,0.021484375
hrsc2016_ms,vessel,ap75,full_network,1e-4,0.014438882277239839,0.004031740179600723,0.011554749096683053,0.017323015457796624,10,10,1.2587886881156524e-06,0.001953125
hrsc2016_ms,vessel,ap75,full_network,2e-4,0.012015704813652247,0.008213847602581198,0.0061398722065551985,0.017891537420749296,10,10,0.0012437692961514756,0.001953125
hrsc2016_ms,aggregate,ap50_95,head_only,1e-4,0.01436300854180309,0.0009664514792508574,0.013671650801835425,0.015054366281770756,10,10,4.477725237873075e-12,0.001953125
hrsc2016_ms,aggregate,ap50_95,head_only,2e-4,0.008981000189221095,0.01307882624037687,-0.0003750284838228424,0.018337028862265032,9,10,0.05797352520920072,0.021484375
hrsc2016_ms,aggregate,ap50_95,full_network,1e-4,0.008175240036839523,0.003267781183395203,0.005837610200096774,0.010512869873582272,10,10,2.4194454292582928e-05,0.001953125
hrsc2016_ms,aggregate,ap50_95,full_network,2e-4,0.0055743633203110595,0.005467644403108507,0.0016630461371555357,0.009485680503466584,9,10,0.010422363565927916,0.021484375
hrsc2016_ms,aggregate,ap50,head_only,1e-4,0.0265780585278937,0.002185965367104174,0.02501431310632303,0.028141803949464368,10,10,2.7049975725245777e-11,0.001953125
hrsc2016_ms,aggregate,ap50,head_only,2e-4,0.014816023295207476,0.02547157947755642,-0.003405246990043161,0.033037293580458114,9,10,0.09900625856690597,0.021484375
hrsc2016_ms,aggregate,ap50,full_network,1e-4,0.004922078070634134,0.0070417047861064605,-0.00011525407791380428,0.009959410219182072,8,10,0.05440980779731055,0.109375
hrsc2016_ms,aggregate,ap50,full_network,2e-4,0.0015008925648945294,0.010806562678706864,-0.006229656677123271,0.009231441806912329,5,10,0.6708725585168159,1.0
hrsc2016_ms,aggregate,ap75,head_only,1e-4,0.013893993211681476,0.0014154514294452065,0.012881440256561799,0.014906546166801154,10,10,1.8321565745211232e-10,0.001953125
hrsc2016_ms,aggregate,ap75,head_only,2e-4,0.0099912512525079,0.010815621733303632,0.0022542215532227357,0.017728280951793064,9,10,0.016997280030891793,0.021484375
hrsc2016_ms,aggregate,ap75,full_network,1e-4,0.014438882277239839,0.004031740179600723,0.011554749096683053,0.017323015457796624,10,10,1.2587886881156524e-06,0.001953125
hrsc2016_ms,aggregate,ap75,full_network,2e-4,0.012015704813652247,0.008213847602581198,0.0061398722065551985,0.017891537420749296,10,10,0.0012437692961514756,0.001953125
dior_public_mirror,vessel,ap50_95,head_only,1e-4,0.04315831824174037,0.001773098859262953,0.04188991972779791,0.044426716755682834,10,10,5.3356816090013944e-14,0.001953125
dior_public_mirror,vessel,ap50_95,head_only,2e-4,0.042356861733870765,0.01714951298790407,0.03008883918393998,0.05462488428380155,9,10,2.6796911141102002e-05,0.021484375
dior_public_mirror,vessel,ap50_95,full_network,1e-4,0.011665526547028284,0.0019199098800668846,0.010292105755481128,0.01303894733857544,10,10,1.2925889071541429e-08,0.001953125
dior_public_mirror,vessel,ap50_95,full_network,2e-4,0.011098474779728324,0.003944520331348504,0.008276734919956476,0.013920214639500172,10,10,9.375659765509818e-06,0.001953125
dior_public_mirror,vessel,ap50,head_only,1e-4,0.11492595856332766,0.004784879692890055,0.11150306183077996,0.11834885529587535,10,10,6.014190950825951e-14,0.001953125
dior_public_mirror,vessel,ap50,head_only,2e-4,0.11310478674401268,0.04675755594385405,0.07965644619326699,0.1465531272947584,9,10,3.160557913216922e-05,0.021484375
dior_public_mirror,vessel,ap50,full_network,1e-4,0.027754636495102826,0.004122340899762396,0.02480569146369247,0.03070358152651318,10,10,5.226514543652632e-09,0.001953125
dior_public_mirror,vessel,ap50,full_network,2e-4,0.028747766273263486,0.012169229443258107,0.020042423950687255,0.03745310859583972,10,10,3.809595541576531e-05,0.001953125
dior_public_mirror,vessel,ap75,head_only,1e-4,0.019163703609169618,0.0014941346382862863,0.018094864077221544,0.020232543141117693,10,10,1.67636865009189e-11,0.001953125
dior_public_mirror,vessel,ap75,head_only,2e-4,0.017938817727462884,0.0069409575914461735,0.012973555780372351,0.022904079674553417,9,10,1.8651968976239552e-05,0.021484375
dior_public_mirror,vessel,ap75,full_network,1e-4,0.0071551647317934465,0.0013879939682721308,0.0061622536611443506,0.008148075802442542,10,10,5.465055561489938e-08,0.001953125
dior_public_mirror,vessel,ap75,full_network,2e-4,0.005963272326189883,0.0022888860637003297,0.004325901873541841,0.007600642778837924,10,10,1.7487157256323757e-05,0.001953125
dior_public_mirror,aggregate,ap50_95,head_only,1e-4,0.04315831824174037,0.001773098859262953,0.04188991972779791,0.044426716755682834,10,10,5.3356816090013944e-14,0.001953125
dior_public_mirror,aggregate,ap50_95,head_only,2e-4,0.042356861733870765,0.01714951298790407,0.03008883918393998,0.05462488428380155,9,10,2.6796911141102002e-05,0.021484375
dior_public_mirror,aggregate,ap50_95,full_network,1e-4,0.011665526547028284,0.0019199098800668846,0.010292105755481128,0.01303894733857544,10,10,1.2925889071541429e-08,0.001953125
dior_public_mirror,aggregate,ap50_95,full_network,2e-4,0.011098474779728324,0.003944520331348504,0.008276734919956476,0.013920214639500172,10,10,9.375659765509818e-06,0.001953125
dior_public_mirror,aggregate,ap50,head_only,1e-4,0.11492595856332766,0.004784879692890055,0.11150306183077996,0.11834885529587535,10,10,6.014190950825951e-14,0.001953125
dior_public_mirror,aggregate,ap50,head_only,2e-4,0.11310478674401268,0.04675755594385405,0.07965644619326699,0.1465531272947584,9,10,3.160557913216922e-05,0.021484375
dior_public_mirror,aggregate,ap50,full_network,1e-4,0.027754636495102826,0.004122340899762396,0.02480569146369247,0.03070358152651318,10,10,5.226514543652632e-09,0.001953125
dior_public_mirror,aggregate,ap50,full_network,2e-4,0.028747766273263486,0.012169229443258107,0.020042423950687255,0.03745310859583972,10,10,3.809595541576531e-05,0.001953125
dior_public_mirror,aggregate,ap75,head_only,1e-4,0.019163703609169618,0.0014941346382862863,0.018094864077221544,0.020232543141117693,10,10,1.67636865009189e-11,0.001953125
dior_public_mirror,aggregate,ap75,head_only,2e-4,0.017938817727462884,0.0069409575914461735,0.012973555780372351,0.022904079674553417,9,10,1.8651968976239552e-05,0.021484375
dior_public_mirror,aggregate,ap75,full_network,1e-4,0.0071551647317934465,0.0013879939682721308,0.0061622536611443506,0.008148075802442542,10,10,5.465055561489938e-08,0.001953125
dior_public_mirror,aggregate,ap75,full_network,2e-4,0.005963272326189883,0.0022888860637003297,0.004325901873541841,0.007600642778837924,10,10,1.7487157256323757e-05,0.001953125
