dataset,metric_family,metric,seed,delta_head_1e-4,delta_full_1e-4,did_1e-4,delta_head_2e-4,delta_full_2e-4,did_2e-4,marginal_did,three_way,lrmod_head,lrmod_full
xview_test,vessel,ap50_95,20260723,0.0027745306036225104,-0.003125413646172158,0.005899944249794668,0.004911658421175774,-0.017011882288602564,0.02192354070977834,0.013911742479786503,0.01602359645998367,0.0021371278175532638,-0.013886468642430407
xview_test,vessel,ap50_95,20260724,0.004741390516862037,-0.0023870965871307173,0.007128487103992755,0.004639550231112767,-0.005267979365506208,0.009907529596618975,0.008518008350305865,0.00277904249262622,-0.00010184028574927034,-0.0028808827783754903
xview_test,vessel,ap50_95,20260725,0.00610031213057359,-0.018566662230438506,0.024666974361012096,0.005335848201220322,-0.0009609063039858826,0.006296754505206205,0.01548186443310915,-0.01837021985580589,-0.0007644639293532679,0.017605755926452624
xview_test,vessel,ap50_95,20260726,0.006197042319190424,-0.005388304623477239,0.011585346942667663,0.0069591528864653,-0.006498936449771488,0.013458089336236788,0.012521718139452225,0.0018727423935691254,0.0007621105672748762,-0.0011106318262942491
xview_test,vessel,ap50_95,20260727,0.006269436835832379,-0.009057266320900176,0.015326703156732555,0.006990412789608949,-0.001297504977851388,0.008287917767460337,0.011807310462096446,-0.007038785389272217,0.0007209759537765703,0.007759761343048788
xview_test,vessel,ap50_95,20260728,0.004762002750109809,-0.010590430416472826,0.015352433166582635,0.005946804108569348,-0.0034421220943169767,0.009388926202886325,0.01237067968473448,-0.005963506963696311,0.001184801358459539,0.00714830832215585
xview_test,vessel,ap50_95,20260729,0.0035823022435213236,-0.0010246420524399683,0.004606944295961292,0.005213859705903656,0.0015143868173113431,0.003699472888592313,0.0041532085922768025,-0.0009074714073689788,0.0016315574623823326,0.0025390288697513114
xview_test,vessel,ap50_95,20260730,0.008231049085143508,-0.007736470017416543,0.01596751910256005,0.00654008768316975,-0.0046420742272236665,0.011182161910393416,0.013574840506476733,-0.004785357192166634,-0.0016909614019737576,0.003094395790192876
xview_test,vessel,ap50_95,20260731,0.008485900015955491,-0.008230296324309987,0.016716196340265478,0.012527678380773927,-0.009594860031388444,0.02212253841216237,0.019419367376213924,0.005406342071896893,0.004041778364818435,-0.0013645637070784575
xview_test,vessel,ap50_95,20260732,0.004740698068023574,-0.012706642350158094,0.01744734041818167,0.008120460440190741,-0.003858398650652156,0.011978859090842897,0.014713099754512283,-0.005468481327338771,0.0033797623721671666,0.008848243699505938
xview_test,vessel,ap50,20260723,0.011125640032803585,-0.0017505604065449765,0.012876200439348562,0.007882525098295984,-0.04272744772714886,0.05060997282544484,0.0317430866323967,0.03773377238609628,-0.0032431149345076016,-0.04097688732060388
xview_test,vessel,ap50,20260724,0.007807028562641455,-0.023467280799391782,0.03127430936203324,0.011642487780339439,-0.02231320619653543,0.03395569397687487,0.03261500166945405,0.002681384614841631,0.003835459217697984,0.001154074602856353
xview_test,vessel,ap50,20260725,0.009122635838850285,-0.04448988801728308,0.05361252385613337,0.006760396478141306,-0.006948115444041697,0.013708511922183003,0.033660517889158185,-0.039904011933950365,-0.0023622393607089787,0.037541772573241386
xview_test,vessel,ap50,20260726,0.012248719005753195,-0.00716510762922741,0.019413826634980605,0.011383386282400543,-0.029561717976035018,0.04094510425843556,0.030179465446708083,0.021531277623454956,-0.000865332723352652,-0.022396610346807608
xview_test,vessel,ap50,20260727,0.010746562557322675,-0.01512667097271786,0.025873233530040535,0.010504435925910605,-0.00038461380231996634,0.010889049728230571,0.018381141629135553,-0.014984183801809964,-0.0002421266314120707,0.014742057170397893
xview_test,vessel,ap50,20260728,0.008609870486969762,-0.028261604969692128,0.03687147545666189,0.014077513005236741,-0.03312924071273715,0.04720675371797389,0.04203911458731789,0.010335278261312003,0.00546764251826698,-0.0048676357430450234
xview_test,vessel,ap50,20260729,0.004304239786496106,-0.019645889801536837,0.023950129588032942,0.00821453746092049,-0.006932074873571073,0.015146612334491563,0.019548370961262253,-0.00880351725354138,0.0039102976744243845,0.012713814927965764
xview_test,vessel,ap50,20260730,0.013590743777978725,-0.013563950849738188,0.027154694627716913,0.011729586458718966,-0.011323057277623422,0.023052643736342388,0.02510366918202965,-0.004102050891374526,-0.0018611573192597597,0.002240893572114766
xview_test,vessel,ap50,20260731,0.019038443286821582,-0.02746652230805241,0.04650496559487399,0.027910364905107454,-0.02004480619475521,0.047955171099862665,0.04723006834736833,0.001450205504988672,0.008871921618285872,0.0074217161132972
xview_test,vessel,ap50,20260732,0.005306481789863204,-0.0410163189261509,0.046322800716014106,0.008344838659453263,-0.010797364257801173,0.019142202917254436,0.03273250181663427,-0.02718059779875967,0.0030383568695900587,0.03021895466834973
xview_test,vessel,ap75,20260723,0.001836825327963268,-0.00667054253509005,0.008507367863053318,0.005351952398217036,-0.01342046262240493,0.018772415020621967,0.013639891441837642,0.010265047157568648,0.003515127070253768,-0.0067499200873148806
xview_test,vessel,ap75,20260724,0.0055955298275560394,0.0005504894763342719,0.005045040351221768,0.00231794170241624,0.0006503329897553228,0.0016676087126609174,0.0033563245319413425,-0.00337743163856085,-0.0032775881251397992,9.984351342105097e-05
xview_test,vessel,ap75,20260725,0.006769014529902216,-0.017149834000327734,0.02391884853022995,0.006376486085058988,0.005313563770835743,0.0010629223142232455,0.012490885422226598,-0.022855926216006704,-0.00039252844484322785,0.022463397771163476
xview_test,vessel,ap75,20260726,0.006657916310454266,-0.01084950099323962,0.017507417303693887,0.006286975933902532,0.0028649905917815105,0.0034219853421210214,0.010464701322907454,-0.014085431961572865,-0.0003709403765517344,0.013714491585021131
xview_test,vessel,ap75,20260727,0.0074394670825274345,-0.009185635070991238,0.016625102153518673,0.006832414090768041,-0.006117820289265372,0.012950234380033412,0.014787668266776043,-0.0036748677734852603,-0.0006070529917593936,0.0030678147817258666
xview_test,vessel,ap75,20260728,0.007884359651572151,-0.005382312527348214,0.013266672178920365,0.008177861646435886,0.006876673388528938,0.0013011882579069475,0.007283930218413656,-0.011965483921013417,0.00029350199486373463,0.012258985915877152
xview_test,vessel,ap75,20260729,0.0037144859152712303,0.011829672511897274,-0.008115186596626044,0.0035279528655614983,0.0016701076906979473,0.001857845174863551,-0.0031286707108812463,0.009973031771489595,-0.000186533049709732,-0.010159564821199327
xview_test,vessel,ap75,20260730,0.008089484701143991,-0.00902950627549167,0.017118990976635662,0.005499792085905633,-0.0010209085933505849,0.006520700679256218,0.01181984582794594,-0.010598290297379444,-0.002589692615238358,0.008008597682141086
xview_test,vessel,ap75,20260731,0.007208229964079993,-0.0005117896007027778,0.007720019564782771,0.008323227157631133,-0.0027717400550442556,0.011094967212675388,0.00940749338872908,0.0033749476478926177,0.00111499719355114,-0.002259950454341478
xview_test,vessel,ap75,20260732,0.004265963239320762,-0.008755241672522757,0.013021204911843519,0.007575173084728298,-0.0011958445918686805,0.008771017676596979,0.010896111294220249,-0.00425018723524654,0.003309209845407536,0.007559397080654076
xview_test,aggregate,ap50_95,20260723,-3.92963979701233e-05,-0.0016314366792598844,0.0015921402812897612,0.0005930886697092796,-0.0033332660641351985,0.003926354733844478,0.0027592475075671197,0.002334214452554717,0.0006323850676794029,-0.001701829384875314
xview_test,aggregate,ap50_95,20260724,0.0004350456291571658,-0.0011471646178364825,0.0015822102469936483,0.000793842635692682,-0.0017250664775017716,0.0025189091131944535,0.002050559680094051,0.0009366988662008052,0.00035879700653551616,-0.0005779018596652891
xview_test,aggregate,ap50_95,20260725,0.0007480459740512035,-0.0028690086410829707,0.0036170546151341743,0.0003408225179382385,-0.0008016566148021237,0.0011424791327403622,0.002379766873937268,-0.002474575482393812,-0.00040722345611296507,0.002067352026280847
xview_test,aggregate,ap50_95,20260726,0.0008873071687872935,-0.0010724196986456463,0.00195972686743294,0.001038264431671626,-0.00032903082058977073,0.0013672952522613968,0.0016635110598471683,-0.0005924316151715431,0.00015095726288433253,0.0007433888780558756
xview_test,aggregate,ap50_95,20260727,0.000882873759163072,-0.0029204413097927706,0.0038033150689558426,0.00105382343524138,-0.0018593779089670637,0.0029132013442084437,0.003358258206582143,-0.0008901137247473989,0.00017094967607830802,0.001061063400825707
xview_test,aggregate,ap50_95,20260728,0.00040490332152121056,-0.002727382069092371,0.0031322853906135817,0.0007475517350403471,0.0020196069408946887,-0.0012720552058543416,0.00093011509237962,-0.004404340596467923,0.00034264841351913655,0.00474698900998706
xview_test,aggregate,ap50_95,20260729,0.0004048643839006938,-0.0009372380049109952,0.001342102388811689,0.0006347071733016629,-0.00020940857331812335,0.0008441157466197863,0.0010931090677157376,-0.0004979866421919027,0.00022984278940096914,0.0007278294315928718
xview_test,aggregate,ap50_95,20260730,0.0014085221593838348,-0.0027416216529168036,0.0041501438123006384,0.0006886985278927726,-0.0010484745677663693,0.001737173095659142,0.00294365845397989,-0.0024129707166414965,-0.0007198236314910622,0.0016931470851504343
xview_test,aggregate,ap50_95,20260731,0.0013483184855767605,-0.0017739682652457012,0.0031222867508224617,0.002247299095268218,-0.0020172243260462575,0.004264523421314476,0.0036934050860684686,0.001142236670492014,0.0008989806096914577,-0.00024325606080055628
xview_test,aggregate,ap50_95,20260732,0.0004973799152500902,-0.0024591256556624475,0.0029565055709125376,0.0011069320613172062,-0.0008965006957637606,0.002003432757080967,0.002479969163996752,-0.0009530728138315708,0.000609552146067116,0.0015626249598986869
xview_test,aggregate,ap50,20260723,0.001270831227285385,-0.0017454570500037847,0.0030162882772891697,0.0008540245760459975,-0.008704065817081441,0.009558090393127439,0.006287189335208304,0.006541802115838269,-0.00041680665123938754,-0.006958608767077656
xview_test,aggregate,ap50,20260724,0.00037155932308086115,-0.004765110830158958,0.00513667015323982,0.0020914369342225902,-0.004606783368975187,0.006698220303197777,0.005917445228218798,0.0015615501499579576,0.001719877611141729,0.0001583274611837715
xview_test,aggregate,ap50,20260725,0.0007216490328511571,-0.007135887320822543,0.0078575363536737,9.166985462005783e-05,-0.0016116469571574865,0.0017033168117775443,0.004780426582725622,-0.006154219541896155,-0.0006299791782310993,0.005524240363665056
xview_test,aggregate,ap50,20260726,0.001535661547680034,-0.0018721080621419972,0.003407769609822031,0.0012871027320859874,-0.005695536779558308,0.006982639511644295,0.005195204560733163,0.003574869901822264,-0.0002485588155940466,-0.0038234287174163106
xview_test,aggregate,ap50,20260727,0.0017966087220918636,-0.004995940011896571,0.006792548733988435,0.0014900848087338048,-0.0028405896775014483,0.004330674486235253,0.005561611610111844,-0.002461874247753182,-0.00030652391335805884,0.002155350334395123
xview_test,aggregate,ap50,20260728,0.0006177765951900227,-0.006027517050747666,0.006645293645937689,0.0018740590753912323,-0.0025611587807507497,0.004435217856141982,0.005540255751039835,-0.002210075789795707,0.0012562824802012096,0.0034663582699969164
xview_test,aggregate,ap50,20260729,0.0001224213573413624,-0.004328466478042303,0.004450887835383666,0.0008280915628938179,-0.002000577395643577,0.0028286689585373948,0.00363977839696053,-0.0016222188768462709,0.0007056702055524555,0.0023278890823987264
xview_test,aggregate,ap50,20260730,0.002685377325614857,-0.004943853779881768,0.0076292311054966255,0.001455582025284563,-0.002340329097299143,0.003795911122583706,0.005712571114040166,-0.0038333199829129194,-0.0012297953003302942,0.0026035246825826253
xview_test,aggregate,ap50,20260731,0.0030449234936706926,-0.005324052357091269,0.008368975850761962,0.005444510453219531,-0.003431903141362047,0.008876413594581578,0.00862269472267177,0.0005074377438196165,0.0023995869595488384,0.001892149215729222
xview_test,aggregate,ap50,20260732,0.00024542120235859777,-0.007775551758502253,0.00802097296086085,0.0010862098243299423,-0.0024611082855363065,0.0035473181098662487,0.00578414553536355,-0.004473654850994602,0.0008407886219713445,0.005314443472965946
xview_test,aggregate,ap75,20260723,-0.00019167428854863222,-0.0027592984717246805,0.0025676241831760482,0.0010971545107115455,-0.004120620296375235,0.005217774807086781,0.0038926994951314145,0.0026501506239107325,0.0012888287992601777,-0.0013613218246505548
xview_test,aggregate,ap75,20260724,0.000839901934115872,-0.003786011572396053,0.004625913506511925,-0.00010809974137056255,-0.0027736568910431414,0.002665557149672579,0.003645735328092252,-0.001960356356839346,-0.0009480016754864345,0.0010123546813529116
xview_test,aggregate,ap75,20260725,0.001122462020020365,-0.003457153902915247,0.004579615922935612,0.0007231957398997346,0.0004572721569353899,0.0002659235829643447,0.0024227697529499784,-0.004313692339971267,-0.00039926628012063037,0.003914426059850637
xview_test,aggregate,ap75,20260726,0.0010151192166098916,-0.0015855332612242506,0.0026006524778341422,0.0010130253136077932,0.007019648737964138,-0.006006623424356344,-0.001702985473261101,-0.008607275902190487,-2.0939030020983296e-06,0.008605181999188388
xview_test,aggregate,ap75,20260727,0.000557005417423248,-0.0023598116870504476,0.0029168171044736957,0.0008303532137202974,-0.003388511532761554,0.004218864746481851,0.0035678409254777735,0.0013020476420081556,0.0002733477962970493,-0.0010286998457111063
xview_test,aggregate,ap75,20260728,0.001237788569894982,-0.0007594082365140475,0.0019971968064090295,0.0011790278461794451,0.0023910363803826967,-0.0012120085342032516,0.00039259413610288896,-0.003209205340612281,-5.876072371553687e-05,0.0031504446168967443
xview_test,aggregate,ap75,20260729,6.751322215291233e-05,0.0024302315688029125,-0.00236271834665,0.00027823168014201594,0.000657945966903703,-0.00037971428676168706,-0.0013712163167058436,0.001983004059888313,0.0002107184579891036,-0.0017722856018992095
xview_test,aggregate,ap75,20260730,0.0015630198998715095,-0.003088876332965673,0.004651896232837183,0.0009353353115823249,-0.00018795156884816866,0.0011232868804304935,0.002887591556633838,-0.003528609352406689,-0.0006276845882891846,0.0029009247641175046
xview_test,aggregate,ap75,20260731,0.0011991777290195071,0.00012501730986133608,0.001074160419158171,0.001349598747685088,-0.00015240732975865812,0.001502006077443746,0.0012880832483009585,0.00042784565828557497,0.00015042101866558077,-0.0002774246396199942
xview_test,aggregate,ap75,20260732,0.0006160708910011442,-0.0033568012373150213,0.0039728721283161655,0.0008342375546370323,0.0013936010266294985,-0.0005593634719924662,0.0017067543281618497,-0.004532235600308632,0.0002181666636358881,0.00475040226394452
hrsc2016_ms,vessel,ap50_95,20260723,0.010675987789209723,0.007563189236807849,0.003112798552401874,0.012431846958988024,0.0028087831978571287,0.009623063761130896,0.006367931156766385,0.006510265208729021,0.001755859169778301,-0.00475440603895072
hrsc2016_ms,vessel,ap50_95,20260724,0.011371587437648406,0.009837455229895986,0.00153413220775242,0.013072207085114501,0.0006014108602957896,0.012470796224818712,0.007002464216285566,0.010936664017066292,0.001700619647466095,-0.009236044369600196
hrsc2016_ms,vessel,ap50_95,20260725,0.010906681870094331,0.0018653894072120786,0.009041292462882253,0.013350860760887595,0.007792758442025788,0.005558102318861807,0.00729969739087203,-0.0034831901440204455,0.0024441788907932638,0.005927369034813709
hrsc2016_ms,vessel,ap50_95,20260726,0.011407009083580388,0.00753931821556289,0.003867690868017498,0.01056777093423919,0.0052963478244991286,0.0052714231097400616,0.00456955698887878,0.0014037322417225634,-0.0008392381493411982,-0.0022429703910637616
hrsc2016_ms,vessel,ap50_95,20260727,0.011040999083135855,0.0068919360903312715,0.004149062992804584,0.011526138445261985,0.008544079171290186,0.002982059273971799,0.003565561133388191,-0.0011670037188327848,0.0004851393621261302,0.001652143080958915
hrsc2016_ms,vessel,ap50_95,20260728,0.011024879832271656,0.008250197761308906,0.00277468207096275,0.010640646224071793,0.008670508994327988,0.001970137229743804,0.002372409650353277,-0.000804544841218946,-0.0003842336081998632,0.0004203112330190828
hrsc2016_ms,vessel,ap50_95,20260729,0.009935785986191076,0.0055335158294601144,0.004402270156730961,0.010981927579686551,0.006867480501945439,0.004114447077741112,0.004258358617236037,-0.00028782307898984894,0.0010461415934954754,0.0013339646724853244
hrsc2016_ms,vessel,ap50_95,20260730,0.011577838077358155,0.011413046665843127,0.00016479141151502785,0.01171129638977314,0.005166566872787576,0.006544729516985565,0.0033547604642502962,0.006379938105470537,0.00013345831241498574,-0.006246479793055551
hrsc2016_ms,vessel,ap50_95,20260731,0.012648302540823303,0.011657005025892023,0.0009912975149312803,0.011741433826954806,0.008343558454842984,0.003397875372111822,0.002194586443521551,0.002406577857180542,-0.0009068687138684972,-0.003313446571049039
hrsc2016_ms,vessel,ap50_95,20260732,0.010487795841269992,0.0011837049644488756,0.009304090876821117,0.0109450604282251,0.012443503459719979,-0.0014984430314948782,0.0039028239226631192,-0.010802533908315995,0.0004572645869551084,0.011259798495271103
hrsc2016_ms,vessel,ap50,20260723,0.017560915814955835,0.007129520263662148,0.010431395551293687,0.02135930949080017,-0.0024279544067651038,0.023787263897565275,0.01710932972442948,0.013355868346271588,0.003798393675844336,-0.009557474670427252
hrsc2016_ms,vessel,ap50,20260724,0.01999739057492317,0.010286145382960604,0.009711245191962564,0.022677870245033482,-0.00833408220289325,0.031011952447926733,0.02036159881994465,0.02130070725596417,0.002680479670110314,-0.018620227585853855
hrsc2016_ms,vessel,ap50,20260725,0.019510435071707577,0.0004004202122127598,0.019110014859494817,0.02330375599692222,0.0092737558465463,0.01403000015037592,0.01657000750493537,-0.005080014709118896,0.003793320925214644,0.00887333563433354
hrsc2016_ms,vessel,ap50,20260726,0.019745549771716553,0.004145441342260303,0.01560010842945625,0.019222948270841533,0.002711034687273517,0.016511913583568016,0.016056011006512133,0.0009118051541117667,-0.0005226015008750196,-0.0014344066549867862
hrsc2016_ms,vessel,ap50,20260727,0.01931366311386784,0.004322533168069936,0.014991129945797904,0.02078421396635849,0.007678853707357852,0.013105360259000637,0.01404824510239927,-0.0018857696867972673,0.0014705508524906485,0.003356320539287916
hrsc2016_ms,vessel,ap50,20260728,0.020465835256231107,0.008974067307125022,0.011491767949106085,0.01893576111517864,0.0060075934200721215,0.012928167695106518,0.012209967822106302,0.001436399746000433,-0.0015300741410524676,-0.0029664738870529006
hrsc2016_ms,vessel,ap50,20260729,0.017333375205924983,0.0005742525956806133,0.01675912261024437,0.019702616143760315,0.004544087757640813,0.015158528386119502,0.015958825498181936,-0.0016005942241248683,0.002369240937835332,0.0039698351619602
hrsc2016_ms,vessel,ap50,20260730,0.019113979488394106,0.016699698308389604,0.0024142811800045016,0.021729212769893758,0.006814532856238231,0.014914679913655526,0.008664480546830014,0.012500398733651025,0.0026152332814996515,-0.009885165452151373
hrsc2016_ms,vessel,ap50,20260731,0.02207523442776063,0.01388823722659488,0.008186997201165752,0.020020820671535433,0.009114706908432302,0.010906113763103131,0.009546555482134442,0.002719116561937379,-0.0020544137562251985,-0.004773530318162578
hrsc2016_ms,vessel,ap50,20260732,0.01891358187684497,-0.006938946162213355,0.025852528039058326,0.01985749584661778,0.014864880616595855,0.004992615230021924,0.015422571634540125,-0.0208599128090364,0.0009439139697728083,0.02180382677880921
hrsc2016_ms,vessel,ap75,20260723,0.012943333428794918,0.01365374912710142,-0.0007104156983065019,0.013251476786723587,0.007970341460208252,0.005281135326515335,0.0022853598141044165,0.005991551024821837,0.00030814335792866965,-0.005683407666893167
hrsc2016_ms,vessel,ap75,20260724,0.012783289073097892,0.010871751585849035,0.0019115374872488572,0.01253866292969577,0.0031473520616826928,0.009391310868013078,0.005651424177630968,0.007479773380764221,-0.0002446261434021213,-0.007724399524166342
hrsc2016_ms,vessel,ap75,20260725,0.01033009633066645,-0.002727437257077331,0.01305753358774378,0.013201207074748283,0.010563901768732717,0.0026373053060155666,0.007847419446879673,-0.010420228281728214,0.002871110744081834,0.013291339025810048
hrsc2016_ms,vessel,ap75,20260726,0.012721176796136602,0.014409488318374103,-0.0016883115222375011,0.010323082149388485,0.005020252375300821,0.005302829774087664,0.0018072591259250814,0.006991141296325165,-0.002398094646748117,-0.009389235943073282
hrsc2016_ms,vessel,ap75,20260727,0.011282006722945798,0.008623678234469065,0.0026583284884767328,0.010670736269764891,0.011065550128989299,-0.0003948138592244077,0.0011317573146261625,-0.0030531423477011405,-0.0006112704531809066,0.002441871894520234
hrsc2016_ms,vessel,ap75,20260728,0.009249686049482786,0.007536830618157381,0.0017128554313254052,0.009613314851569688,0.009920667540896155,-0.00030735268932646775,0.0007027513709994687,-0.002020208120651873,0.0003636288020869016,0.0023838369227387746
hrsc2016_ms,vessel,ap75,20260729,0.009111689631553344,0.0072097900224101785,0.001901899609143165,0.01036808920180557,0.008721230674902339,0.0016468585269032304,0.0017743790680231977,-0.0002550410822399346,0.0012563995702522257,0.0015114406524921603
hrsc2016_ms,vessel,ap75,20260730,0.010643895092567413,0.012877564789785315,-0.002233669697217902,0.009403036646007168,0.00787493435195133,0.0015281022940558386,-0.00035278370158103173,0.0037617719912737407,-0.0012408584465602446,-0.005002630437833985
hrsc2016_ms,vessel,ap75,20260731,0.01245885175259992,0.014420037208039152,-0.001961185455439232,0.012162222494926517,0.009601453511673547,0.00256076898325297,0.00029979176390686896,0.004521954438692202,-0.0002966292576734031,-0.004818583696365605
hrsc2016_ms,vessel,ap75,20260732,0.0095392526832766,0.006201565300828979,0.003337687382447621,0.007666748995166228,0.01862668354527637,-0.010959934550110143,-0.0038111235838312607,-0.014297621932557764,-0.0018725036881103718,0.012425118244447392
hrsc2016_ms,aggregate,ap50_95,20260723,0.010675987789209723,0.007563189236807849,0.003112798552401874,0.012431846958988024,0.0028087831978571287,0.009623063761130896,0.006367931156766385,0.006510265208729021,0.001755859169778301,-0.00475440603895072
hrsc2016_ms,aggregate,ap50_95,20260724,0.011371587437648406,0.009837455229895986,0.00153413220775242,0.013072207085114501,0.0006014108602957896,0.012470796224818712,0.007002464216285566,0.010936664017066292,0.001700619647466095,-0.009236044369600196
hrsc2016_ms,aggregate,ap50_95,20260725,0.010906681870094331,0.0018653894072120786,0.009041292462882253,0.013350860760887595,0.007792758442025788,0.005558102318861807,0.00729969739087203,-0.0034831901440204455,0.0024441788907932638,0.005927369034813709
hrsc2016_ms,aggregate,ap50_95,20260726,0.011407009083580388,0.00753931821556289,0.003867690868017498,0.01056777093423919,0.0052963478244991286,0.0052714231097400616,0.00456955698887878,0.0014037322417225634,-0.0008392381493411982,-0.0022429703910637616
hrsc2016_ms,aggregate,ap50_95,20260727,0.011040999083135855,0.0068919360903312715,0.004149062992804584,0.011526138445261985,0.008544079171290186,0.002982059273971799,0.003565561133388191,-0.0011670037188327848,0.0004851393621261302,0.001652143080958915
hrsc2016_ms,aggregate,ap50_95,20260728,0.011024879832271656,0.008250197761308906,0.00277468207096275,0.010640646224071793,0.008670508994327988,0.001970137229743804,0.002372409650353277,-0.000804544841218946,-0.0003842336081998632,0.0004203112330190828
hrsc2016_ms,aggregate,ap50_95,20260729,0.009935785986191076,0.0055335158294601144,0.004402270156730961,0.010981927579686551,0.006867480501945439,0.004114447077741112,0.004258358617236037,-0.00028782307898984894,0.0010461415934954754,0.0013339646724853244
hrsc2016_ms,aggregate,ap50_95,20260730,0.011577838077358155,0.011413046665843127,0.00016479141151502785,0.01171129638977314,0.005166566872787576,0.006544729516985565,0.0033547604642502962,0.006379938105470537,0.00013345831241498574,-0.006246479793055551
hrsc2016_ms,aggregate,ap50_95,20260731,0.012648302540823303,0.011657005025892023,0.0009912975149312803,0.011741433826954806,0.008343558454842984,0.003397875372111822,0.002194586443521551,0.002406577857180542,-0.0009068687138684972,-0.003313446571049039
hrsc2016_ms,aggregate,ap50_95,20260732,0.010487795841269992,0.0011837049644488756,0.009304090876821117,0.0109450604282251,0.012443503459719979,-0.0014984430314948782,0.0039028239226631192,-0.010802533908315995,0.0004572645869551084,0.011259798495271103
hrsc2016_ms,aggregate,ap50,20260723,0.017560915814955835,0.007129520263662148,0.010431395551293687,0.02135930949080017,-0.0024279544067651038,0.023787263897565275,0.01710932972442948,0.013355868346271588,0.003798393675844336,-0.009557474670427252
hrsc2016_ms,aggregate,ap50,20260724,0.01999739057492317,0.010286145382960604,0.009711245191962564,0.022677870245033482,-0.00833408220289325,0.031011952447926733,0.02036159881994465,0.02130070725596417,0.002680479670110314,-0.018620227585853855
hrsc2016_ms,aggregate,ap50,20260725,0.019510435071707577,0.0004004202122127598,0.019110014859494817,0.02330375599692222,0.0092737558465463,0.01403000015037592,0.01657000750493537,-0.005080014709118896,0.003793320925214644,0.00887333563433354
hrsc2016_ms,aggregate,ap50,20260726,0.019745549771716553,0.004145441342260303,0.01560010842945625,0.019222948270841533,0.002711034687273517,0.016511913583568016,0.016056011006512133,0.0009118051541117667,-0.0005226015008750196,-0.0014344066549867862
hrsc2016_ms,aggregate,ap50,20260727,0.01931366311386784,0.004322533168069936,0.014991129945797904,0.02078421396635849,0.007678853707357852,0.013105360259000637,0.01404824510239927,-0.0018857696867972673,0.0014705508524906485,0.003356320539287916
hrsc2016_ms,aggregate,ap50,20260728,0.020465835256231107,0.008974067307125022,0.011491767949106085,0.01893576111517864,0.0060075934200721215,0.012928167695106518,0.012209967822106302,0.001436399746000433,-0.0015300741410524676,-0.0029664738870529006
hrsc2016_ms,aggregate,ap50,20260729,0.017333375205924983,0.0005742525956806133,0.01675912261024437,0.019702616143760315,0.004544087757640813,0.015158528386119502,0.015958825498181936,-0.0016005942241248683,0.002369240937835332,0.0039698351619602
hrsc2016_ms,aggregate,ap50,20260730,0.019113979488394106,0.016699698308389604,0.0024142811800045016,0.021729212769893758,0.006814532856238231,0.014914679913655526,0.008664480546830014,0.012500398733651025,0.0026152332814996515,-0.009885165452151373
hrsc2016_ms,aggregate,ap50,20260731,0.02207523442776063,0.01388823722659488,0.008186997201165752,0.020020820671535433,0.009114706908432302,0.010906113763103131,0.009546555482134442,0.002719116561937379,-0.0020544137562251985,-0.004773530318162578
hrsc2016_ms,aggregate,ap50,20260732,0.01891358187684497,-0.006938946162213355,0.025852528039058326,0.01985749584661778,0.014864880616595855,0.004992615230021924,0.015422571634540125,-0.0208599128090364,0.0009439139697728083,0.02180382677880921
hrsc2016_ms,aggregate,ap75,20260723,0.012943333428794918,0.01365374912710142,-0.0007104156983065019,0.013251476786723587,0.007970341460208252,0.005281135326515335,0.0022853598141044165,0.005991551024821837,0.00030814335792866965,-0.005683407666893167
hrsc2016_ms,aggregate,ap75,20260724,0.012783289073097892,0.010871751585849035,0.0019115374872488572,0.01253866292969577,0.0031473520616826928,0.009391310868013078,0.005651424177630968,0.007479773380764221,-0.0002446261434021213,-0.007724399524166342
hrsc2016_ms,aggregate,ap75,20260725,0.01033009633066645,-0.002727437257077331,0.01305753358774378,0.013201207074748283,0.010563901768732717,0.0026373053060155666,0.007847419446879673,-0.010420228281728214,0.002871110744081834,0.013291339025810048
hrsc2016_ms,aggregate,ap75,20260726,0.012721176796136602,0.014409488318374103,-0.0016883115222375011,0.010323082149388485,0.005020252375300821,0.005302829774087664,0.0018072591259250814,0.006991141296325165,-0.002398094646748117,-0.009389235943073282
hrsc2016_ms,aggregate,ap75,20260727,0.011282006722945798,0.008623678234469065,0.0026583284884767328,0.010670736269764891,0.011065550128989299,-0.0003948138592244077,0.0011317573146261625,-0.0030531423477011405,-0.0006112704531809066,0.002441871894520234
hrsc2016_ms,aggregate,ap75,20260728,0.009249686049482786,0.007536830618157381,0.0017128554313254052,0.009613314851569688,0.009920667540896155,-0.00030735268932646775,0.0007027513709994687,-0.002020208120651873,0.0003636288020869016,0.0023838369227387746
hrsc2016_ms,aggregate,ap75,20260729,0.009111689631553344,0.0072097900224101785,0.001901899609143165,0.01036808920180557,0.008721230674902339,0.0016468585269032304,0.0017743790680231977,-0.0002550410822399346,0.0012563995702522257,0.0015114406524921603
hrsc2016_ms,aggregate,ap75,20260730,0.010643895092567413,0.012877564789785315,-0.002233669697217902,0.009403036646007168,0.00787493435195133,0.0015281022940558386,-0.00035278370158103173,0.0037617719912737407,-0.0012408584465602446,-0.005002630437833985
hrsc2016_ms,aggregate,ap75,20260731,0.01245885175259992,0.014420037208039152,-0.001961185455439232,0.012162222494926517,0.009601453511673547,0.00256076898325297,0.00029979176390686896,0.004521954438692202,-0.0002966292576734031,-0.004818583696365605
hrsc2016_ms,aggregate,ap75,20260732,0.0095392526832766,0.006201565300828979,0.003337687382447621,0.007666748995166228,0.01862668354527637,-0.010959934550110143,-0.0038111235838312607,-0.014297621932557764,-0.0018725036881103718,0.012425118244447392
dior_public_mirror,vessel,ap50_95,20260723,0.00355071930484702,0.002553306923786105,0.000997412381060915,0.006642139893958458,0.0014584742515040827,0.005183665642454375,0.003090539011757645,0.00418625326139346,0.0030914205891114377,-0.0010948326722820222
dior_public_mirror,vessel,ap50_95,20260724,0.004896825261965509,0.0009865602661109363,0.0039102649958545725,0.006414311324026423,-8.217298078798743e-05,0.00649648430481441,0.005203374650334491,0.0025862193089598376,0.0015174860620609139,-0.0010687332468989237
dior_public_mirror,vessel,ap50_95,20260725,0.004468228427974293,-0.005279128992225497,0.00974735742019979,0.00637473625711495,0.005816379136058314,0.0005583571210566358,0.005152857270628213,-0.009189000299143154,0.0019065078291406572,0.011095508128283811
dior_public_mirror,vessel,ap50_95,20260726,0.005800260568733055,0.00026102308074893443,0.005539237487984121,0.0064248760659485135,-0.002388133194517472,0.008813009260465986,0.007176123374225053,0.003273771772481865,0.0006246154972154583,-0.0026491562752664066
dior_public_mirror,vessel,ap50_95,20260727,0.005842764008459539,0.0037777938319052476,0.0020649701765542913,0.006346667733554825,0.0017082572169009047,0.00463841051665392,0.0033516903466041057,0.0025734403400996288,0.0005039037250952859,-0.002069536615004343
dior_public_mirror,vessel,ap50_95,20260728,0.005155542212225965,0.002519005353914257,0.0026365368583117083,0.0062500143811981615,-0.0010170535957288417,0.007267067976927003,0.004951802417619356,0.004630531118615295,0.0010944721689721965,-0.0035360589496430984
dior_public_mirror,vessel,ap50_95,20260729,0.005991590919013138,0.0016056980780222267,0.004385892840990911,0.0074480425885981374,0.00330084343839444,0.004147199150203697,0.004266545995597304,-0.00023869369078721378,0.0014564516695849995,0.0016951453603722133
dior_public_mirror,vessel,ap50_95,20260730,0.005644366753082778,0.0038340256899861043,0.0018103410630966738,0.0072887323215518225,0.001479151567740325,0.0058095807538114975,0.0038099609084540857,0.003999239690714824,0.0016443655684690445,-0.0023548741222457793
dior_public_mirror,vessel,ap50_95,20260731,0.005690270456660523,0.0033794803261288572,0.0023107901305316654,0.007392430425544466,0.003197889905489394,0.004194540520055072,0.0032526653252933687,0.0018837503895234066,0.0017021599688839435,-0.00018159042063946307
dior_public_mirror,vessel,ap50_95,20260732,0.005595873118933593,-0.0005962910712731251,0.006192164190206718,0.006889424668244125,0.0035743338988032947,0.00331509076944083,0.004753627479823774,-0.0028770734207658882,0.0012935515493105315,0.00417062497007642
dior_public_mirror,vessel,ap50,20260723,0.009391004283368545,0.0025573016809110755,0.00683370260245747,0.01623714683484081,0.0002531281239672445,0.015984018710873564,0.011408860656665517,0.009150316108416094,0.006846142551472263,-0.002304173556943831
dior_public_mirror,vessel,ap50,20260724,0.012050100596497755,-0.0025632222839074154,0.01461332288040517,0.014830927721940494,-0.0031637260037398335,0.017994653725680328,0.01630398830304275,0.0033813308452751573,0.002780827125442739,-0.0006005037198324181
dior_public_mirror,vessel,ap50,20260725,0.010602484993701665,-0.013625592603256964,0.02422807759695863,0.015524305632310838,0.013667044920501734,0.0018572607118091042,0.013042669154383867,-0.022370816885149525,0.004921820638609173,0.027292637523758698
dior_public_mirror,vessel,ap50,20260726,0.013805845944020685,-0.0016965522540418887,0.015502398198062574,0.015642590895518824,-0.00772651183867952,0.023369102734198344,0.01943575046613046,0.00786670453613577,0.0018367449514981385,-0.006029959584637631
dior_public_mirror,vessel,ap50,20260727,0.013622630280815048,0.007331487057338382,0.006291143223476667,0.014530959191935068,0.0007232976959304777,0.01380766149600459,0.010049402359740629,0.007516518272527924,0.0009083289111200196,-0.006608189361407904
dior_public_mirror,vessel,ap50,20260728,0.013405795907177658,0.0010143807867343396,0.012391415120443318,0.014867738588415745,-0.00577740798849255,0.020645146576908295,0.016518280848675806,0.008253731456464977,0.0014619426812380876,-0.00679178877522689
dior_public_mirror,vessel,ap50,20260729,0.014287246620389861,0.0010325242926694789,0.013254722327720382,0.018401159514754788,0.005052742424779003,0.013348417089975785,0.013301569708848084,9.369476225540296e-05,0.004113912894364927,0.004020218132109524
dior_public_mirror,vessel,ap50,20260730,0.01387715538046163,0.007623398477380416,0.006253756903081213,0.01732051502945444,0.0006001983922997167,0.016720316637154724,0.011487036770117968,0.01046655973407351,0.003443359648992811,-0.0070232000850807
dior_public_mirror,vessel,ap50,20260731,0.013684878970058982,0.006543172084772675,0.007141706885286307,0.016800969673384847,0.009252695562520827,0.00754827411086402,0.007344990498075164,0.0004065672255777128,0.0031160907033258647,0.002709523477748152
dior_public_mirror,vessel,ap50,20260732,0.013693925597229865,-0.003739736594482873,0.01743366219171274,0.01650243119863684,0.007533641216457707,0.008968789982179134,0.013201226086945936,-0.008464872209533604,0.0028085056014069756,0.01127337781094058
dior_public_mirror,vessel,ap75,20260723,0.0027173004977424815,0.002606040719418881,0.00011125977832360072,0.004513491770861704,0.001582068126881643,0.002931423643980061,0.0015213417111518308,0.0028201638656564602,0.0017961912731192225,-0.0010239725925372378
dior_public_mirror,vessel,ap75,20260724,0.00237430672795841,0.0021088265835877418,0.00026548014437066843,0.0038986882147049214,0.00027447706287490187,0.0036242111518300195,0.001944845648100344,0.003358731007459351,0.0015243814867465112,-0.00183434952071284
dior_public_mirror,vessel,ap75,20260725,0.0024525927272683427,-0.0038651807003941517,0.0063177734276624944,0.004065673452507412,0.004752450691703658,-0.0006867772391962457,0.0028154980942331244,-0.00700455066685874,0.0016130807252390696,0.00861763139209781
dior_public_mirror,vessel,ap75,20260726,0.003440032302768084,0.0011104438745879082,0.002329588428180176,0.0039247317492414925,0.0010290523172335093,0.002895679432007983,0.0026126339300940795,0.0005660910038278073,0.0004846994464734085,-8.139155735439885e-05
dior_public_mirror,vessel,ap75,20260727,0.0038590277973916745,0.002901544531327802,0.0009574832660638726,0.004050507732960215,0.0018999267866162649,0.0021505809463439503,0.0015540321062039114,0.0011930976802800777,0.00019147993556854065,-0.001001617744711537
dior_public_mirror,vessel,ap75,20260728,0.002880629501367471,0.002339437578769272,0.0005411919225981991,0.003621114702631184,0.0004921757083503411,0.003128938994280843,0.001835065458439521,0.002587747071682644,0.0007404852012637131,-0.0018472618704189307
dior_public_mirror,vessel,ap75,20260729,0.0034616950570060326,0.0017775673454188783,0.0016841277115871543,0.004264878528880599,0.002702093822425698,0.0015627847064549009,0.0016234562090210276,-0.00012134300513225345,0.0008031834718745662,0.0009245264770068196
dior_public_mirror,vessel,ap75,20260730,0.0035498427515100305,0.0019909944557899555,0.001558848295720075,0.004506542735044354,0.0019756113767725944,0.0025309313582717596,0.0020448898269959173,0.0009720830625516846,0.0009566999835343235,-1.538307901736112e-05
dior_public_mirror,vessel,ap75,20260731,0.0032049368743337966,0.0031055861716302365,9.935070270356006e-05,0.004754457767593923,0.00037329737185568326,0.004381160395738239,0.0022402555492208997,0.004281809693034679,0.001549520893260126,-0.0027322887997745533
dior_public_mirror,vessel,ap75,20260732,0.003262460247401542,-0.0010528402142882566,0.004315300461689799,0.004005773536856532,0.0025910714259343975,0.0014147021109221346,0.0028650012863059666,-0.002900598350767664,0.0007433132894549901,0.003643911640222654
dior_public_mirror,aggregate,ap50_95,20260723,0.00355071930484702,0.002553306923786105,0.000997412381060915,0.006642139893958458,0.0014584742515040827,0.005183665642454375,0.003090539011757645,0.00418625326139346,0.0030914205891114377,-0.0010948326722820222
dior_public_mirror,aggregate,ap50_95,20260724,0.004896825261965509,0.0009865602661109363,0.0039102649958545725,0.006414311324026423,-8.217298078798743e-05,0.00649648430481441,0.005203374650334491,0.0025862193089598376,0.0015174860620609139,-0.0010687332468989237
dior_public_mirror,aggregate,ap50_95,20260725,0.004468228427974293,-0.005279128992225497,0.00974735742019979,0.00637473625711495,0.005816379136058314,0.0005583571210566358,0.005152857270628213,-0.009189000299143154,0.0019065078291406572,0.011095508128283811
dior_public_mirror,aggregate,ap50_95,20260726,0.005800260568733055,0.00026102308074893443,0.005539237487984121,0.0064248760659485135,-0.002388133194517472,0.008813009260465986,0.007176123374225053,0.003273771772481865,0.0006246154972154583,-0.0026491562752664066
dior_public_mirror,aggregate,ap50_95,20260727,0.005842764008459539,0.0037777938319052476,0.0020649701765542913,0.006346667733554825,0.0017082572169009047,0.00463841051665392,0.0033516903466041057,0.0025734403400996288,0.0005039037250952859,-0.002069536615004343
dior_public_mirror,aggregate,ap50_95,20260728,0.005155542212225965,0.002519005353914257,0.0026365368583117083,0.0062500143811981615,-0.0010170535957288417,0.007267067976927003,0.004951802417619356,0.004630531118615295,0.0010944721689721965,-0.0035360589496430984
dior_public_mirror,aggregate,ap50_95,20260729,0.005991590919013138,0.0016056980780222267,0.004385892840990911,0.0074480425885981374,0.00330084343839444,0.004147199150203697,0.004266545995597304,-0.00023869369078721378,0.0014564516695849995,0.0016951453603722133
dior_public_mirror,aggregate,ap50_95,20260730,0.005644366753082778,0.0038340256899861043,0.0018103410630966738,0.0072887323215518225,0.001479151567740325,0.0058095807538114975,0.0038099609084540857,0.003999239690714824,0.0016443655684690445,-0.0023548741222457793
dior_public_mirror,aggregate,ap50_95,20260731,0.005690270456660523,0.0033794803261288572,0.0023107901305316654,0.007392430425544466,0.003197889905489394,0.004194540520055072,0.0032526653252933687,0.0018837503895234066,0.0017021599688839435,-0.00018159042063946307
dior_public_mirror,aggregate,ap50_95,20260732,0.005595873118933593,-0.0005962910712731251,0.006192164190206718,0.006889424668244125,0.0035743338988032947,0.00331509076944083,0.004753627479823774,-0.0028770734207658882,0.0012935515493105315,0.00417062497007642
dior_public_mirror,aggregate,ap50,20260723,0.009391004283368545,0.0025573016809110755,0.00683370260245747,0.01623714683484081,0.0002531281239672445,0.015984018710873564,0.011408860656665517,0.009150316108416094,0.006846142551472263,-0.002304173556943831
dior_public_mirror,aggregate,ap50,20260724,0.012050100596497755,-0.0025632222839074154,0.01461332288040517,0.014830927721940494,-0.0031637260037398335,0.017994653725680328,0.01630398830304275,0.0033813308452751573,0.002780827125442739,-0.0006005037198324181
dior_public_mirror,aggregate,ap50,20260725,0.010602484993701665,-0.013625592603256964,0.02422807759695863,0.015524305632310838,0.013667044920501734,0.0018572607118091042,0.013042669154383867,-0.022370816885149525,0.004921820638609173,0.027292637523758698
dior_public_mirror,aggregate,ap50,20260726,0.013805845944020685,-0.0016965522540418887,0.015502398198062574,0.015642590895518824,-0.00772651183867952,0.023369102734198344,0.01943575046613046,0.00786670453613577,0.0018367449514981385,-0.006029959584637631
dior_public_mirror,aggregate,ap50,20260727,0.013622630280815048,0.007331487057338382,0.006291143223476667,0.014530959191935068,0.0007232976959304777,0.01380766149600459,0.010049402359740629,0.007516518272527924,0.0009083289111200196,-0.006608189361407904
dior_public_mirror,aggregate,ap50,20260728,0.013405795907177658,0.0010143807867343396,0.012391415120443318,0.014867738588415745,-0.00577740798849255,0.020645146576908295,0.016518280848675806,0.008253731456464977,0.0014619426812380876,-0.00679178877522689
dior_public_mirror,aggregate,ap50,20260729,0.014287246620389861,0.0010325242926694789,0.013254722327720382,0.018401159514754788,0.005052742424779003,0.013348417089975785,0.013301569708848084,9.369476225540296e-05,0.004113912894364927,0.004020218132109524
dior_public_mirror,aggregate,ap50,20260730,0.01387715538046163,0.007623398477380416,0.006253756903081213,0.01732051502945444,0.0006001983922997167,0.016720316637154724,0.011487036770117968,0.01046655973407351,0.003443359648992811,-0.0070232000850807
dior_public_mirror,aggregate,ap50,20260731,0.013684878970058982,0.006543172084772675,0.007141706885286307,0.016800969673384847,0.009252695562520827,0.00754827411086402,0.007344990498075164,0.0004065672255777128,0.0031160907033258647,0.002709523477748152
dior_public_mirror,aggregate,ap50,20260732,0.013693925597229865,-0.003739736594482873,0.01743366219171274,0.01650243119863684,0.007533641216457707,0.008968789982179134,0.013201226086945936,-0.008464872209533604,0.0028085056014069756,0.01127337781094058
dior_public_mirror,aggregate,ap75,20260723,0.0027173004977424815,0.002606040719418881,0.00011125977832360072,0.004513491770861704,0.001582068126881643,0.002931423643980061,0.0015213417111518308,0.0028201638656564602,0.0017961912731192225,-0.0010239725925372378
dior_public_mirror,aggregate,ap75,20260724,0.00237430672795841,0.0021088265835877418,0.00026548014437066843,0.0038986882147049214,0.00027447706287490187,0.0036242111518300195,0.001944845648100344,0.003358731007459351,0.0015243814867465112,-0.00183434952071284
dior_public_mirror,aggregate,ap75,20260725,0.0024525927272683427,-0.0038651807003941517,0.0063177734276624944,0.004065673452507412,0.004752450691703658,-0.0006867772391962457,0.0028154980942331244,-0.00700455066685874,0.0016130807252390696,0.00861763139209781
dior_public_mirror,aggregate,ap75,20260726,0.003440032302768084,0.0011104438745879082,0.002329588428180176,0.0039247317492414925,0.0010290523172335093,0.002895679432007983,0.0026126339300940795,0.0005660910038278073,0.0004846994464734085,-8.139155735439885e-05
dior_public_mirror,aggregate,ap75,20260727,0.0038590277973916745,0.002901544531327802,0.0009574832660638726,0.004050507732960215,0.0018999267866162649,0.0021505809463439503,0.0015540321062039114,0.0011930976802800777,0.00019147993556854065,-0.001001617744711537
dior_public_mirror,aggregate,ap75,20260728,0.002880629501367471,0.002339437578769272,0.0005411919225981991,0.003621114702631184,0.0004921757083503411,0.003128938994280843,0.001835065458439521,0.002587747071682644,0.0007404852012637131,-0.0018472618704189307
dior_public_mirror,aggregate,ap75,20260729,0.0034616950570060326,0.0017775673454188783,0.0016841277115871543,0.004264878528880599,0.002702093822425698,0.0015627847064549009,0.0016234562090210276,-0.00012134300513225345,0.0008031834718745662,0.0009245264770068196
dior_public_mirror,aggregate,ap75,20260730,0.0035498427515100305,0.0019909944557899555,0.001558848295720075,0.004506542735044354,0.0019756113767725944,0.0025309313582717596,0.0020448898269959173,0.0009720830625516846,0.0009566999835343235,-1.538307901736112e-05
dior_public_mirror,aggregate,ap75,20260731,0.0032049368743337966,0.0031055861716302365,9.935070270356006e-05,0.004754457767593923,0.00037329737185568326,0.004381160395738239,0.0022402555492208997,0.004281809693034679,0.001549520893260126,-0.0027322887997745533
dior_public_mirror,aggregate,ap75,20260732,0.003262460247401542,-0.0010528402142882566,0.004315300461689799,0.004005773536856532,0.0025910714259343975,0.0014147021109221346,0.0028650012863059666,-0.002900598350767664,0.0007433132894549901,0.003643911640222654
