contrast,split,analysis,total_replicates,zero_target_replicates,retained_replicates,mean,median,ci95_low,ci95_high,positive_fraction
Unity Medium150 - Duplicate,xView test,unconditional_ap0,2000,3,2000,0.0074206902428122995,0.00788809355522041,0.0,0.014054706296663683,0.9005
Unity Medium150 - Duplicate,xView test,conditional_nonzero_target,2000,3,1997,0.007431837999812019,0.007888789508330477,0.0,0.014054750448755385,0.9018527791687532
Unity Medium150 - Duplicate,xView test,undefined_zero_target_excluded,2000,3,1997,0.007431837999812019,0.007888789508330477,0.0,0.014054750448755385,0.9018527791687532
Unity Medium150 - RealCutout Medium150,xView test,unconditional_ap0,2000,3,2000,0.0021835587493198496,0.0023731878834430597,0.0,0.004306604664131277,0.9005
Unity Medium150 - RealCutout Medium150,xView test,conditional_nonzero_target,2000,3,1997,0.002186839007831597,0.0023762393759097188,0.0,0.004306726197006952,0.9018527791687532
Unity Medium150 - RealCutout Medium150,xView test,undefined_zero_target_excluded,2000,3,1997,0.002186839007831597,0.0023762393759097188,0.0,0.004306726197006952,0.9018527791687532
Medium150 - Small150,xView val,unconditional_ap0,2000,9,2000,0.005865352825379871,0.008569491839484904,-0.0026342119428039547,0.011552118204001392,0.682
Medium150 - Small150,xView val,conditional_nonzero_target,2000,9,1991,0.005891866223385104,0.00857794591789188,-0.0026344155009887997,0.011552812799221586,0.6850828729281768
Medium150 - Small150,xView val,undefined_zero_target_excluded,2000,9,1991,0.005891866223385104,0.00857794591789188,-0.0026344155009887997,0.011552812799221586,0.6850828729281768
