model_size,dataset,metric_family,metric,seed,delta_head_1e-4,delta_full_1e-4,did_1e-4,delta_head_2e-4,delta_full_2e-4,did_2e-4,marginal_did,three_way,lrmod_head,lrmod_full
YOLO26m,xview_test,vessel,ap50_95,20260723,0.004642674984895873,-0.01334040666342566,0.017983081648321533,0.003057444729409692,-0.01050172615359897,0.013559170883008662,0.015771126265665097,-0.004423910765312872,-0.0015852302554861808,0.002838680509826691
YOLO26m,xview_test,vessel,ap50_95,20260724,0.0001922689241447284,-0.003733891553180657,0.0039261604773253855,-0.00046963122904405963,0.02178669151771709,-0.022256322746761148,-0.009165081134717881,-0.026182483224086534,-0.000661900153188788,0.025520583070897745
YOLO26m,xview_test,vessel,ap50_95,20260725,0.0013345172718668974,-0.010397886562121456,0.011732403833988353,0.0010852657933608234,0.004338360128465474,-0.0032530943351046504,0.004239654749441851,-0.014985498169093003,-0.000249251478506074,0.01473624669058693
YOLO26m,xview_test,vessel,ap50_95,20260726,0.003703313120651114,0.00325089274241043,0.0004524203782406838,0.009838243239505079,0.0007750189843593602,0.009063224255145719,0.004757822316693201,0.008610803876905035,0.006134930118853965,-0.00247587375805107
YOLO26m,xview_test,vessel,ap50_95,20260727,0.0014046505449874513,-0.00789331558385617,0.009297966128843621,0.003209389473197377,-0.0014383734143083027,0.00464776288750568,0.00697286450817465,-0.004650203241337941,0.0018047389282099258,0.006454942169547867
YOLO26m,xview_test,vessel,ap50_95,20260728,-1.0795557053383531e-05,-0.0004340367228592573,0.0004232411658058738,-0.07315356347954555,0.005108814407948817,-0.07826237788749436,-0.038919568360844245,-0.07868561905330024,-0.07314276792249216,0.005542851130808074
YOLO26m,xview_test,vessel,ap50_95,20260729,-0.0012191869029910818,-0.0005491153022941231,-0.0006700716006969587,-0.0018777929310893338,0.011856553443451143,-0.013734346374540476,-0.007202208987618718,-0.013064274773843518,-0.000658606028098252,0.012405668745745266
YOLO26m,xview_test,vessel,ap50_95,20260730,0.007132518111912484,-0.007968455625168597,0.01510097373708108,0.0022184544890415936,-0.012624759757944679,0.014843214246986272,0.014972093992033676,-0.00025775949009480825,-0.00491406362287089,-0.004656304132776082
YOLO26m,xview_test,vessel,ap50_95,20260731,0.005743702663471212,-0.00345151042551102,0.009195213088982232,0.002376830070511232,-0.020761694243723497,0.02313852431423473,0.01616686870160848,0.013943311225252497,-0.0033668725929599796,-0.017310183818212477
YOLO26m,xview_test,vessel,ap50_95,20260732,0.0036216253771339524,-0.01130498293376897,0.014926608310902922,0.005658493456742075,-0.013599264299522296,0.01925775775626437,0.017092183033583647,0.0043311494453614485,0.002036868079608123,-0.0022942813657533256
YOLO26m,xview_test,vessel,ap50,20260723,0.008404208580332528,-0.013940564632151375,0.022344773212483904,0.006915395687452086,-0.024100404260742225,0.03101579994819431,0.026680286580339108,0.008671026735710408,-0.0014888128928804423,-0.01015983962859085
YOLO26m,xview_test,vessel,ap50,20260724,0.007739243145258257,-0.0012581488436554933,0.00899739198891375,0.002720905323490619,0.01479156414634139,-0.012070658822850772,-0.0015366334169685109,-0.02106805081176452,-0.005018337821767638,0.016049712989996884
YOLO26m,xview_test,vessel,ap50,20260725,0.007276880041122535,-0.014915240088072435,0.02219212012919497,0.0023341505569351995,0.0009724481564104548,0.0013617024005247447,0.011776911264859857,-0.020830417728670225,-0.004942729484187336,0.01588768824448289
YOLO26m,xview_test,vessel,ap50,20260726,0.005632508060802399,0.0015581846132133037,0.0040743234475890955,0.011539669755909199,-0.008148909776132168,0.019688579532041367,0.011881451489815231,0.015614256084452272,0.0059071616951067996,-0.009707094389345472
YOLO26m,xview_test,vessel,ap50,20260727,0.008176579296396702,-0.014200622447549383,0.022377201743946085,0.006018346587726819,0.006025948134930653,-7.6015472038337695e-06,0.011184800098371125,-0.02238480329114992,-0.0021582327086698827,0.020226570582480036
YOLO26m,xview_test,vessel,ap50,20260728,0.0037132834663219927,0.01878038966664422,-0.015067106200322228,-0.14362271143173355,-0.004018185893137793,-0.13960452553859576,-0.077335815869459,-0.12453741933827353,-0.14733599489805554,-0.022798575559782014
YOLO26m,xview_test,vessel,ap50,20260729,0.004134313708125392,-0.0014143396947565168,0.005548653402881909,-0.000909391835529294,0.016564207647979057,-0.01747359948350835,-0.005962473040313221,-0.02302225288639026,-0.005043705543654686,0.017978547342735574
YOLO26m,xview_test,vessel,ap50,20260730,0.0154543859312124,-0.009043055563817237,0.024497441495029637,0.011203167907546274,-0.013245566676298115,0.02444873458384439,0.024473088039437013,-4.8706911185247836e-05,-0.004251218023666126,-0.004202511112480878
YOLO26m,xview_test,vessel,ap50,20260731,0.01290434494614956,0.0008370946998036977,0.012067250246345862,0.008596498047932444,-0.040541363867960256,0.0491378619158927,0.03060255608111928,0.03707061166954684,-0.004307846898217116,-0.041378458567763954
YOLO26m,xview_test,vessel,ap50,20260732,0.007743301966334326,-0.013730407620819007,0.021473709587153333,0.011142479698480923,-0.031071357007539158,0.04221383670602008,0.03184377314658671,0.020740127118866747,0.0033991777321465966,-0.01734094938672015
YOLO26m,xview_test,vessel,ap75,20260723,0.00041646887900012586,-0.02965682340213316,0.030073292281133285,0.003056216037427839,-0.0004630732790783798,0.003519289316506219,0.016796290798819752,-0.026554002964627066,0.0026397471584277132,0.02919375012305478
YOLO26m,xview_test,vessel,ap75,20260724,-0.0041137696050813355,-0.0066919157071679836,0.002578146102086648,-0.0003434906666237303,0.05298657882422106,-0.05333006949084479,-0.02537596169437907,-0.05590821559293144,0.003770278938457605,0.05967849453138904
YOLO26m,xview_test,vessel,ap75,20260725,-0.0024250620656739996,-0.023453539689393066,0.021028477623719066,-0.009731663061383344,-0.012079185135614845,0.0023475220742315006,0.011687999848975283,-0.018680955549487566,-0.007306600995709345,0.011374354553778221
YOLO26m,xview_test,vessel,ap75,20260726,-0.0005058390939287061,0.004046759686401363,-0.004552598780330069,0.01409555524006953,-0.016016612325335466,0.030112167565404996,0.012779784392537463,0.034664766345735065,0.014601394333998235,-0.02006337201173683
YOLO26m,xview_test,vessel,ap75,20260727,-0.0015746610532886007,-0.0015024952626413873,-7.21657906472134e-05,0.004849590490847044,-0.013183700795428549,0.018033291286275593,0.00898056274781419,0.018105457076922807,0.006424251544135645,-0.011681205532787162
YOLO26m,xview_test,vessel,ap75,20260728,-0.0059802583344845395,-0.004428799729256944,-0.0015514586052275958,-0.07630890790399235,0.04044273061227108,-0.11675163851626343,-0.05915154856074551,-0.11520017991103583,-0.07032864956950781,0.04487153034152802
YOLO26m,xview_test,vessel,ap75,20260729,-0.001294716526326456,0.00499932259483353,-0.006294039121159986,-0.0017817753587724694,0.016130143116648316,-0.017911918475420785,-0.012102978798290386,-0.011617879354260799,-0.00048705883244601345,0.011130820521814785
YOLO26m,xview_test,vessel,ap75,20260730,0.0027984027450048687,-0.013504464698413848,0.016302867443418717,0.00045777563090085294,0.0024273324227362947,-0.0019695567918354417,0.007166655325791638,-0.01827242423525416,-0.002340627114104016,0.015931797121150143
YOLO26m,xview_test,vessel,ap75,20260731,0.006421090645011396,-0.01233091335194908,0.018752003996960476,0.001886338930887299,-0.033258592264860554,0.03514493119574785,0.026948467596354164,0.016392927198787377,-0.004534751714124097,-0.020927678912911474
YOLO26m,xview_test,vessel,ap75,20260732,0.0009461345891002837,-0.007156880491562739,0.008103015080663023,0.004444344669931738,-0.0031293019504117503,0.007573646620343488,0.007838330850503256,-0.0005293684603195348,0.0034982100808314542,0.004027578541150989
YOLO26m,xview_test,aggregate,ap50_95,20260723,0.0004497695839794369,-0.0008494981365405885,0.0012992677205200254,0.0007337366134901602,-0.0024727384085629633,0.0032064750220531235,0.0022528713712865744,0.0019072073015330981,0.0002839670295107233,-0.0016232402720223749
YOLO26m,xview_test,aggregate,ap50_95,20260724,0.00034453382832053125,-0.0006128206888154353,0.0009573545171359665,-3.0564449480130484e-05,0.0031752419256659836,-0.003205806375146114,-0.0011242259290050738,-0.004163160892282081,-0.00037509827780066174,0.003788062614481419
YOLO26m,xview_test,aggregate,ap50_95,20260725,0.0008013992766959521,-0.002712476286127835,0.003513875562823787,0.0006972076343607359,0.0008554481693541782,-0.00015824053499344237,0.0016778175139151724,-0.0036721160978172296,-0.00010419164233521627,0.0035679244554820133
YOLO26m,xview_test,aggregate,ap50_95,20260726,0.0007039336128002172,-0.00065636984189818,0.0013603034546983972,0.002202781616559596,0.0006756495803500184,0.0015271320362095775,0.0014437177454539873,0.0001668285815111803,0.0014988480037593788,0.0013320194222481985
YOLO26m,xview_test,aggregate,ap50_95,20260727,0.0006708173705861076,-0.003070978785941453,0.0037417961565275604,0.000579308309906823,-0.0021244937939952913,0.0027038021039021143,0.0032227991302148373,-0.001037994052625446,-9.150906067928455e-05,0.0009464849919461615
YOLO26m,xview_test,aggregate,ap50_95,20260728,0.00019486041238558904,0.0015417042275523984,-0.0013468438151668094,-0.07957186587686586,0.00028492727006948493,-0.07985679314693535,-0.04060181848105108,-0.07850994933176854,-0.07976672628925145,-0.0012567769574829135
YOLO26m,xview_test,aggregate,ap50_95,20260729,0.00016540579730156546,9.969121284750249e-05,6.571458445406297e-05,0.0007125682029079095,-0.00011140297650386044,0.0008239711794117699,0.00044484288193291643,0.0007582565949577069,0.000547162405606344,-0.00021109418935136293
YOLO26m,xview_test,aggregate,ap50_95,20260730,0.001406936575645057,-0.0026410765974687056,0.0040480131731137625,-0.0002548536329191331,-0.0016264792756098545,0.0013716256426907214,0.002709819407902242,-0.002676387530423041,-0.00166179020856419,0.001014597321858851
YOLO26m,xview_test,aggregate,ap50_95,20260731,0.001870263276366968,-0.004279400160791619,0.006149663437158587,0.0011174144385833473,-0.0048692271916178365,0.005986641630201184,0.006068152533679885,-0.00016302180695740298,-0.0007528488377836207,-0.0005898270308262177
YOLO26m,xview_test,aggregate,ap50_95,20260732,0.0006496666736151291,-0.0031519638388432802,0.0038016305124584093,0.0005017679073452408,-0.004357836960311612,0.004859604867656853,0.004330617690057631,0.0010579743551984433,-0.0001478987662698883,-0.0012058731214683316
YOLO26m,xview_test,aggregate,ap50,20260723,0.0010520637840403801,0.0008674786058617268,0.00018458517817865339,0.0017386920537049155,-0.003290104990788134,0.00502879704449305,0.0026066911113358515,0.004844211866314396,0.0006866282696645354,-0.004157583596649861
YOLO26m,xview_test,aggregate,ap50,20260724,0.002078498947037488,0.0006420357834298618,0.0014364631636076264,0.001111514114929657,0.00011694391678052085,0.0009945701981491362,0.0012155166808783813,-0.0004418929654584902,-0.0009669848321078311,-0.0005250918666493409
YOLO26m,xview_test,aggregate,ap50,20260725,0.0025918817531584426,-0.0028839972184269147,0.005475878971585357,0.001081235194801966,0.0009765576403827358,0.00010467755441923021,0.0027902782630022938,-0.005371201417166127,-0.0015106465583564765,0.0038605548588096505
YOLO26m,xview_test,aggregate,ap50,20260726,0.0019932249510011824,-0.0011935084727662804,0.0031867334237674627,0.003466901480571438,-0.000814057290335124,0.004280958770906562,0.0037338460973370124,0.0010942253471390995,0.0014736765295702559,0.0003794511824311564
YOLO26m,xview_test,aggregate,ap50,20260727,0.002488688242031467,-0.006410581066800758,0.008899269308832225,0.0021000764928480464,-0.0033236629299571163,0.005423739422805163,0.007161504365818694,-0.0034755298860270623,-0.0003886117491834207,0.0030869181368436416
YOLO26m,xview_test,aggregate,ap50,20260728,0.0015049486972127935,0.008428395045361192,-0.006923446348148399,-0.15940803316843072,-0.002986071076384711,-0.156421962092046,-0.0816727042200972,-0.1494985157438976,-0.1609129818656435,-0.011414466121745903
YOLO26m,xview_test,aggregate,ap50,20260729,0.0009521031188485241,9.55510583389163e-06,0.0009425480130146324,0.0012723826690244633,-0.0014169896390868186,0.002689372308111282,0.0018159601605629572,0.0017468242950966495,0.00032027955017593923,-0.0014265447449207103
YOLO26m,xview_test,aggregate,ap50,20260730,0.0030106888643545715,-0.003413092948257923,0.006423781812612495,0.0015921177883133075,-0.0014724173212726233,0.003064535109585931,0.004744158461099213,-0.003359246703026564,-0.001418571076041264,0.0019406756269852998
YOLO26m,xview_test,aggregate,ap50,20260731,0.002991149187788089,-0.006404834464627918,0.009395983652416007,0.0023793522815120927,-0.009357023089601957,0.01173637537111405,0.010566179511765028,0.0023403917186980427,-0.0006117969062759965,-0.0029521886249740392
YOLO26m,xview_test,aggregate,ap50,20260732,0.0017490075212101552,-0.003084019899102064,0.004833027420312219,0.000842222720853103,-0.0058090553792889965,0.0066512781001420995,0.005742152760227159,0.0018182506798298803,-0.0009067848003570522,-0.0027250354801869325
YOLO26m,xview_test,aggregate,ap75,20260723,5.529210931498607e-05,-0.002873433139874787,0.002928725249189773,0.0007114327111464314,-0.0037530901481688805,0.004464522859315312,0.0036966240542525425,0.0015357976101255388,0.0006561406018314453,-0.0008796570082940935
YOLO26m,xview_test,aggregate,ap75,20260724,-0.00017342233389047723,-0.0010667937155083018,0.0008933713816178246,-0.0009668920031468686,0.00867525310214351,-0.009642145105290378,-0.004374386861836277,-0.010535516486908203,-0.0007934696692563914,0.009742046817651812
YOLO26m,xview_test,aggregate,ap75,20260725,-0.00031972534528385,-0.008410135274810354,0.008090409929526504,-0.0005811988855320693,-0.003060211479507774,0.0024790125939757046,0.005284711261751104,-0.0056113973355507996,-0.00026147354024821934,0.00534992379530258
YOLO26m,xview_test,aggregate,ap75,20260726,-0.0013460196225836552,0.0009079174706034809,-0.002253937093187136,0.0021821271864683467,-0.0036045662008450663,0.005786693387313413,0.0017663781470631384,0.008040630480500549,0.003528146809052002,-0.004512483671448547
YOLO26m,xview_test,aggregate,ap75,20260727,-0.0008409044869760463,-0.0007428636112103704,-9.804087576567588e-05,-0.00010260593286942621,-0.00014159427252624646,3.898833965682025e-05,-2.9526268054427818e-05,0.00013702921542249613,0.00073829855410662,0.0006012693386841239
YOLO26m,xview_test,aggregate,ap75,20260728,-0.0011066695834036078,-0.0035236388705459365,0.0024169692871423287,-0.0686209627169017,0.0065733815591983435,-0.07519434427610004,-0.03638868749447886,-0.07761131356324237,-0.06751429313349809,0.01009702042974428
YOLO26m,xview_test,aggregate,ap75,20260729,-0.00032450133350722665,0.001746819471287353,-0.0020713208047945797,0.00032394029049498396,0.00014289493671404419,0.00018104535378093978,-0.00094513772550682,0.0022523661585755195,0.0006484416240022106,-0.0016039245345733089
YOLO26m,xview_test,aggregate,ap75,20260730,0.0008813924020246999,-0.005867795493644384,0.006749187895669084,-0.0022406322270462353,0.0008614782941406551,-0.0031021105211868905,0.001823538687241097,-0.009851298416855975,-0.0031220246290709353,0.0067292737877850395
YOLO26m,xview_test,aggregate,ap75,20260731,0.0025357310416311563,-0.006359319231415195,0.008895050273046351,0.0014556122778721925,-0.011113501328804037,0.01256911360667623,0.01073208193986129,0.003674063333629879,-0.0010801187637589638,-0.004754182097388843
YOLO26m,xview_test,aggregate,ap75,20260732,-0.0002799566988436475,-0.002285724673401879,0.0020057679745582313,0.00043480617752308937,-0.005475956122225609,0.005910762299748698,0.003958265137153465,0.0039049943251904667,0.0007147628763667369,-0.00319023144882373
YOLO26m,hrsc2016_ms,vessel,ap50_95,20260723,0.014081634316231884,0.015098171575736702,-0.0010165372595048183,0.010891090400151071,0.013904376679285985,-0.0030132862791349135,-0.002014911769319866,-0.001996749019630095,-0.0031905439160808124,-0.0011937948964507172
YOLO26m,hrsc2016_ms,vessel,ap50_95,20260724,0.01673573942693099,0.008339711393527821,0.008396028033403169,0.012158091215284661,-0.0008095353645745651,0.012967626579859226,0.010681827306631198,0.004571598546456057,-0.004577648211646329,-0.009149246758102386
YOLO26m,hrsc2016_ms,vessel,ap50_95,20260725,0.013855055126798549,0.0033117016796996024,0.010543353447098947,0.01325677639550571,0.0019517348855971617,0.011305041509908548,0.010924197478503747,0.0007616880628096012,-0.0005982787312928395,-0.0013599667941024407
YOLO26m,hrsc2016_ms,vessel,ap50_95,20260726,0.014195311842787411,0.00789636092372642,0.006298950919060992,0.013149134566093013,0.00831510008766806,0.004834034478424953,0.0055664926987429725,-0.0014649164406360382,-0.0010461772766943989,0.00041873916394163935
YOLO26m,hrsc2016_ms,vessel,ap50_95,20260727,0.015139649335561917,0.011985879971326191,0.0031537693642357256,0.014268023628756343,0.005118819135001229,0.009149204493755114,0.00615148692899542,0.005995435129519389,-0.0008716257068055733,-0.006867060836324962
YOLO26m,hrsc2016_ms,vessel,ap50_95,20260728,0.013344886304949427,0.006892033841359307,0.00645285246359012,-0.028087983603747563,0.01414282530011958,-0.04223080890386714,-0.01788897822013851,-0.04868366136745726,-0.04143286990869699,0.007250791458760272
YOLO26m,hrsc2016_ms,vessel,ap50_95,20260729,0.013511127338420748,0.007512902820847739,0.005998224517573009,0.013057244831717468,0.00872632478550893,0.004330920046208539,0.005164572281890774,-0.0016673044713644697,-0.00045388250670327923,0.0012134219646611905
YOLO26m,hrsc2016_ms,vessel,ap50_95,20260730,0.014225384159255838,0.00828609478453457,0.005939289374721268,0.012719893723401543,0.0031010268362837434,0.0096188668871178,0.007779078130919534,0.0036795775123965313,-0.0015054904358542953,-0.005185067948250827
YOLO26m,hrsc2016_ms,vessel,ap50_95,20260731,0.014201195648123777,0.005975724170474345,0.008225471477649432,0.012975387025833007,0.0007719452882991862,0.012203441737533821,0.010214456607591627,0.003977970259884389,-0.0012258086222907694,-0.0052037788821751585
YOLO26m,hrsc2016_ms,vessel,ap50_95,20260732,0.014340101918970366,0.006453819207162537,0.00788628271180783,0.015422343709215691,0.0005210155699212904,0.0149013281392944,0.011393805425551115,0.0070150454274865714,0.0010822417902453252,-0.005932803637241246
YOLO26m,hrsc2016_ms,vessel,ap50,20260723,0.027647523966011722,0.020056780261649698,0.007590743704362024,0.019153198893292644,0.015763194863998686,0.003390004029293958,0.005490373866827991,-0.004200739675068066,-0.008494325072719078,-0.004293585397651012
YOLO26m,hrsc2016_ms,vessel,ap50,20260724,0.031749611836174196,0.009241827777322631,0.022507784058851565,0.022259076364562147,-0.01280877021801674,0.03506784658257889,0.028787815320715227,0.012560062523727322,-0.00949053547161205,-0.02205059799533937
YOLO26m,hrsc2016_ms,vessel,ap50,20260725,0.023834477457332137,-0.004793050017359635,0.028627527474691772,0.024700984861511066,-0.008633146253201163,0.03333413111471223,0.030980829294702,0.004706603640020457,0.0008665074041789289,-0.003840096235841528
YOLO26m,hrsc2016_ms,vessel,ap50,20260726,0.02577629079338878,0.006830908500656707,0.01894538229273207,0.023439395850201217,0.005893315060393367,0.01754608078980785,0.01824573154126996,-0.0013993015029242217,-0.002336894943187562,-0.0009375934402633401
YOLO26m,hrsc2016_ms,vessel,ap50,20260727,0.02641632338936667,0.009164997760641835,0.017251325628724834,0.02256170010633629,0.004687620466170439,0.017874079640165852,0.017562702634445343,0.0006227540114410179,-0.0038546232830303784,-0.004477377294471396
YOLO26m,hrsc2016_ms,vessel,ap50,20260728,0.026890019227549633,-0.0022459358259837026,0.029135955053533336,-0.057438142314572005,0.020386516396482313,-0.07782465871105432,-0.02434435182876049,-0.10696061376458765,-0.08432816154212164,0.022632452222466015
YOLO26m,hrsc2016_ms,vessel,ap50,20260729,0.024854714773008157,0.0018763349309479649,0.022978379842060193,0.021577833067933483,0.004475543760906198,0.017102289307027285,0.02004033457454374,-0.005876090535032907,-0.0032768817050746746,0.0025992088299582328
YOLO26m,hrsc2016_ms,vessel,ap50,20260730,0.027341215492212023,0.0049618520396206844,0.02237936345259134,0.021032258559558037,-0.0024195967212419234,0.02345185528079996,0.02291560936669565,0.0010724918282086215,-0.006308956932653986,-0.007381448760862608
YOLO26m,hrsc2016_ms,vessel,ap50,20260731,0.024771067584031914,0.00040218177159201396,0.0243688858124399,0.024365811117993408,-0.008638049133982362,0.03300386025197577,0.028686373032207835,0.00863497443953587,-0.00040525646603850607,-0.009040230905574376
YOLO26m,hrsc2016_ms,vessel,ap50,20260732,0.026499340759861767,0.0037248835072531405,0.022774457252608626,0.026508116445258467,-0.0036977025725635215,0.03020581901782199,0.026490138135215308,0.007431361765213362,8.775685396700261e-06,-0.007422586079816662
YOLO26m,hrsc2016_ms,vessel,ap75,20260723,0.014097211268639886,0.017616895134263122,-0.0035196838656232354,0.010201400155366275,0.021064273377028098,-0.010862873221661823,-0.007191278543642529,-0.0073431893560385875,-0.0038958111132736117,0.0034473782427649757
YOLO26m,hrsc2016_ms,vessel,ap75,20260724,0.016031066618489215,0.010392523765021422,0.005638542853467793,0.013408324655849096,0.0030383345352875957,0.0103699901205615,0.008004266487014647,0.004731447267093708,-0.0026227419626401183,-0.007354189229733826
YOLO26m,hrsc2016_ms,vessel,ap75,20260725,0.013349086609218769,0.013022436101613008,0.00032665050760576075,0.010686766702779682,0.014284749779385097,-0.0035979830766054155,-0.0016356662844998274,-0.003924633584211176,-0.0026623199064390868,0.0012623136777720895
YOLO26m,hrsc2016_ms,vessel,ap75,20260726,0.011773742662028186,0.012729171204914319,-0.0009554285428861331,0.013840469407523648,0.020914843277020423,-0.007074373869496775,-0.004014901206191454,-0.006118945326610642,0.002066726745495462,0.008185672072106104
YOLO26m,hrsc2016_ms,vessel,ap75,20260727,0.013834854345296743,0.02231805893924378,-0.008483204593947039,0.01686309922119031,0.00928492067774589,0.007578178543444419,-0.0004525130252513096,0.016061383137391458,0.0030282448758935654,-0.013033138261497892
YOLO26m,hrsc2016_ms,vessel,ap75,20260728,0.016052677153394618,0.015392129123309312,0.0006605480300853062,-0.020270863643548936,0.021541000422256568,-0.041811864065805504,-0.0205756580178601,-0.04247241209589081,-0.036323540796943554,0.006148871298947256
YOLO26m,hrsc2016_ms,vessel,ap75,20260729,0.013248479652915923,0.014966349592805045,-0.0017178699398891217,0.012998746614179796,0.018386106411749897,-0.0053873597975701015,-0.0035526148687296116,-0.00366948985768098,-0.0002497330387361274,0.0034197568189448524
YOLO26m,hrsc2016_ms,vessel,ap75,20260730,0.014960975429239853,0.007558363610170718,0.007402611819069135,0.015696944573386412,0.007519791046088353,0.008177153527298059,0.007789882673183597,0.0007745417082289235,0.0007359691441465588,-3.857256408236476e-05
YOLO26m,hrsc2016_ms,vessel,ap75,20260731,0.012814264845759371,0.01644834048281832,-0.0036340756370589478,0.013276374317618633,0.003333740388988954,0.00994263392862968,0.003154279145785366,0.013576709565688627,0.0004621094718592622,-0.013114600093829365
YOLO26m,hrsc2016_ms,vessel,ap75,20260732,0.012777573531832204,0.01394455481823935,-0.0011669812864071455,0.013211250520734075,0.0007892882209715874,0.012421962299762487,0.005627490506677671,0.013588943586169633,0.000433676988901871,-0.013155266597267762
YOLO26m,hrsc2016_ms,aggregate,ap50_95,20260723,0.014081634316231884,0.015098171575736702,-0.0010165372595048183,0.010891090400151071,0.013904376679285985,-0.0030132862791349135,-0.002014911769319866,-0.001996749019630095,-0.0031905439160808124,-0.0011937948964507172
YOLO26m,hrsc2016_ms,aggregate,ap50_95,20260724,0.01673573942693099,0.008339711393527821,0.008396028033403169,0.012158091215284661,-0.0008095353645745651,0.012967626579859226,0.010681827306631198,0.004571598546456057,-0.004577648211646329,-0.009149246758102386
YOLO26m,hrsc2016_ms,aggregate,ap50_95,20260725,0.013855055126798549,0.0033117016796996024,0.010543353447098947,0.01325677639550571,0.0019517348855971617,0.011305041509908548,0.010924197478503747,0.0007616880628096012,-0.0005982787312928395,-0.0013599667941024407
YOLO26m,hrsc2016_ms,aggregate,ap50_95,20260726,0.014195311842787411,0.00789636092372642,0.006298950919060992,0.013149134566093013,0.00831510008766806,0.004834034478424953,0.0055664926987429725,-0.0014649164406360382,-0.0010461772766943989,0.00041873916394163935
YOLO26m,hrsc2016_ms,aggregate,ap50_95,20260727,0.015139649335561917,0.011985879971326191,0.0031537693642357256,0.014268023628756343,0.005118819135001229,0.009149204493755114,0.00615148692899542,0.005995435129519389,-0.0008716257068055733,-0.006867060836324962
YOLO26m,hrsc2016_ms,aggregate,ap50_95,20260728,0.013344886304949427,0.006892033841359307,0.00645285246359012,-0.028087983603747563,0.01414282530011958,-0.04223080890386714,-0.01788897822013851,-0.04868366136745726,-0.04143286990869699,0.007250791458760272
YOLO26m,hrsc2016_ms,aggregate,ap50_95,20260729,0.013511127338420748,0.007512902820847739,0.005998224517573009,0.013057244831717468,0.00872632478550893,0.004330920046208539,0.005164572281890774,-0.0016673044713644697,-0.00045388250670327923,0.0012134219646611905
YOLO26m,hrsc2016_ms,aggregate,ap50_95,20260730,0.014225384159255838,0.00828609478453457,0.005939289374721268,0.012719893723401543,0.0031010268362837434,0.0096188668871178,0.007779078130919534,0.0036795775123965313,-0.0015054904358542953,-0.005185067948250827
YOLO26m,hrsc2016_ms,aggregate,ap50_95,20260731,0.014201195648123777,0.005975724170474345,0.008225471477649432,0.012975387025833007,0.0007719452882991862,0.012203441737533821,0.010214456607591627,0.003977970259884389,-0.0012258086222907694,-0.0052037788821751585
YOLO26m,hrsc2016_ms,aggregate,ap50_95,20260732,0.014340101918970366,0.006453819207162537,0.00788628271180783,0.015422343709215691,0.0005210155699212904,0.0149013281392944,0.011393805425551115,0.0070150454274865714,0.0010822417902453252,-0.005932803637241246
YOLO26m,hrsc2016_ms,aggregate,ap50,20260723,0.027647523966011722,0.020056780261649698,0.007590743704362024,0.019153198893292644,0.015763194863998686,0.003390004029293958,0.005490373866827991,-0.004200739675068066,-0.008494325072719078,-0.004293585397651012
YOLO26m,hrsc2016_ms,aggregate,ap50,20260724,0.031749611836174196,0.009241827777322631,0.022507784058851565,0.022259076364562147,-0.01280877021801674,0.03506784658257889,0.028787815320715227,0.012560062523727322,-0.00949053547161205,-0.02205059799533937
YOLO26m,hrsc2016_ms,aggregate,ap50,20260725,0.023834477457332137,-0.004793050017359635,0.028627527474691772,0.024700984861511066,-0.008633146253201163,0.03333413111471223,0.030980829294702,0.004706603640020457,0.0008665074041789289,-0.003840096235841528
YOLO26m,hrsc2016_ms,aggregate,ap50,20260726,0.02577629079338878,0.006830908500656707,0.01894538229273207,0.023439395850201217,0.005893315060393367,0.01754608078980785,0.01824573154126996,-0.0013993015029242217,-0.002336894943187562,-0.0009375934402633401
YOLO26m,hrsc2016_ms,aggregate,ap50,20260727,0.02641632338936667,0.009164997760641835,0.017251325628724834,0.02256170010633629,0.004687620466170439,0.017874079640165852,0.017562702634445343,0.0006227540114410179,-0.0038546232830303784,-0.004477377294471396
YOLO26m,hrsc2016_ms,aggregate,ap50,20260728,0.026890019227549633,-0.0022459358259837026,0.029135955053533336,-0.057438142314572005,0.020386516396482313,-0.07782465871105432,-0.02434435182876049,-0.10696061376458765,-0.08432816154212164,0.022632452222466015
YOLO26m,hrsc2016_ms,aggregate,ap50,20260729,0.024854714773008157,0.0018763349309479649,0.022978379842060193,0.021577833067933483,0.004475543760906198,0.017102289307027285,0.02004033457454374,-0.005876090535032907,-0.0032768817050746746,0.0025992088299582328
YOLO26m,hrsc2016_ms,aggregate,ap50,20260730,0.027341215492212023,0.0049618520396206844,0.02237936345259134,0.021032258559558037,-0.0024195967212419234,0.02345185528079996,0.02291560936669565,0.0010724918282086215,-0.006308956932653986,-0.007381448760862608
YOLO26m,hrsc2016_ms,aggregate,ap50,20260731,0.024771067584031914,0.00040218177159201396,0.0243688858124399,0.024365811117993408,-0.008638049133982362,0.03300386025197577,0.028686373032207835,0.00863497443953587,-0.00040525646603850607,-0.009040230905574376
YOLO26m,hrsc2016_ms,aggregate,ap50,20260732,0.026499340759861767,0.0037248835072531405,0.022774457252608626,0.026508116445258467,-0.0036977025725635215,0.03020581901782199,0.026490138135215308,0.007431361765213362,8.775685396700261e-06,-0.007422586079816662
YOLO26m,hrsc2016_ms,aggregate,ap75,20260723,0.014097211268639886,0.017616895134263122,-0.0035196838656232354,0.010201400155366275,0.021064273377028098,-0.010862873221661823,-0.007191278543642529,-0.0073431893560385875,-0.0038958111132736117,0.0034473782427649757
YOLO26m,hrsc2016_ms,aggregate,ap75,20260724,0.016031066618489215,0.010392523765021422,0.005638542853467793,0.013408324655849096,0.0030383345352875957,0.0103699901205615,0.008004266487014647,0.004731447267093708,-0.0026227419626401183,-0.007354189229733826
YOLO26m,hrsc2016_ms,aggregate,ap75,20260725,0.013349086609218769,0.013022436101613008,0.00032665050760576075,0.010686766702779682,0.014284749779385097,-0.0035979830766054155,-0.0016356662844998274,-0.003924633584211176,-0.0026623199064390868,0.0012623136777720895
YOLO26m,hrsc2016_ms,aggregate,ap75,20260726,0.011773742662028186,0.012729171204914319,-0.0009554285428861331,0.013840469407523648,0.020914843277020423,-0.007074373869496775,-0.004014901206191454,-0.006118945326610642,0.002066726745495462,0.008185672072106104
YOLO26m,hrsc2016_ms,aggregate,ap75,20260727,0.013834854345296743,0.02231805893924378,-0.008483204593947039,0.01686309922119031,0.00928492067774589,0.007578178543444419,-0.0004525130252513096,0.016061383137391458,0.0030282448758935654,-0.013033138261497892
YOLO26m,hrsc2016_ms,aggregate,ap75,20260728,0.016052677153394618,0.015392129123309312,0.0006605480300853062,-0.020270863643548936,0.021541000422256568,-0.041811864065805504,-0.0205756580178601,-0.04247241209589081,-0.036323540796943554,0.006148871298947256
YOLO26m,hrsc2016_ms,aggregate,ap75,20260729,0.013248479652915923,0.014966349592805045,-0.0017178699398891217,0.012998746614179796,0.018386106411749897,-0.0053873597975701015,-0.0035526148687296116,-0.00366948985768098,-0.0002497330387361274,0.0034197568189448524
YOLO26m,hrsc2016_ms,aggregate,ap75,20260730,0.014960975429239853,0.007558363610170718,0.007402611819069135,0.015696944573386412,0.007519791046088353,0.008177153527298059,0.007789882673183597,0.0007745417082289235,0.0007359691441465588,-3.857256408236476e-05
YOLO26m,hrsc2016_ms,aggregate,ap75,20260731,0.012814264845759371,0.01644834048281832,-0.0036340756370589478,0.013276374317618633,0.003333740388988954,0.00994263392862968,0.003154279145785366,0.013576709565688627,0.0004621094718592622,-0.013114600093829365
YOLO26m,hrsc2016_ms,aggregate,ap75,20260732,0.012777573531832204,0.01394455481823935,-0.0011669812864071455,0.013211250520734075,0.0007892882209715874,0.012421962299762487,0.005627490506677671,0.013588943586169633,0.000433676988901871,-0.013155266597267762
YOLO26m,dior_public_mirror,vessel,ap50_95,20260723,0.04199905981749816,0.012513262003449828,0.02948579781404833,0.04681258666101053,0.0153003052390094,0.03151228142200113,0.03049903961802473,0.0020264836079528017,0.00481352684351237,0.0027870432355595713
YOLO26m,dior_public_mirror,vessel,ap50_95,20260724,0.04339420250361101,0.010298163143593927,0.03309603936001708,0.047499165692962704,0.015539149929349287,0.03196001576361342,0.03252802756181525,-0.0011360235964036625,0.004104963189351697,0.00524098678575536
YOLO26m,dior_public_mirror,vessel,ap50_95,20260725,0.043142760757709724,0.010645084354999425,0.0324976764027103,0.04886899053104567,0.0033257489408398885,0.04554324159020578,0.039020458996458035,0.01304556518749548,0.005726229773335943,-0.007319335414159536
YOLO26m,dior_public_mirror,vessel,ap50_95,20260726,0.0444750522698799,0.010596325806061728,0.03387872646381817,0.048667568930695175,0.013846561440926643,0.03482100748976853,0.03434986697679335,0.0009422810259503631,0.004192516660815278,0.0032502356348649147
YOLO26m,dior_public_mirror,vessel,ap50_95,20260727,0.04718988202723062,0.013064375040653532,0.03412550698657709,0.050247924537349845,0.011105244734482971,0.03914267980286687,0.036634093394721984,0.005017172816289779,0.0030580425101192216,-0.001959130306170561
YOLO26m,dior_public_mirror,vessel,ap50_95,20260728,0.0427138229269753,0.015026409093705853,0.027687413833269447,-0.006317581105315481,0.01224571492851137,-0.01856329603382685,0.004562058899721298,-0.0462507098670963,-0.04903140403229078,-0.0027806941651944833
YOLO26m,dior_public_mirror,vessel,ap50_95,20260729,0.04050078850815564,0.009584239807965349,0.03091654870019029,0.04775524433560802,0.006061493792002243,0.04169375054360578,0.036305149621898035,0.01077720184341549,0.007254455827452384,-0.003522746015963106
YOLO26m,dior_public_mirror,vessel,ap50_95,20260730,0.04300888989542421,0.013300437276312714,0.029708452619111494,0.04583482851059766,0.01135397301316116,0.0344808554974365,0.032094654058274,0.004772402878325005,0.002825938615173454,-0.0019464642631515545
YOLO26m,dior_public_mirror,vessel,ap50_95,20260731,0.041888309282999775,0.008984180317768528,0.03290412896523125,0.04769987128816468,0.009111013500191258,0.03858885778797342,0.03574649337660234,0.005684728822742173,0.0058115620051649025,0.0001268331824227295
YOLO26m,dior_public_mirror,vessel,ap50_95,20260732,0.0432704144279194,0.01264278862577196,0.03062762580214744,0.046500017956588854,0.013095542278809023,0.033404475677779835,0.032016050739963636,0.0027768498756323944,0.003229603528669453,0.0004527536530370621
YOLO26m,dior_public_mirror,vessel,ap50,20260723,0.11376319533223789,0.028622107575003282,0.08514108775723461,0.12698198903385,0.047466512767727356,0.07951547626612264,0.08232828201167863,-0.005625611491111973,0.013218793701612108,0.018844405192724074
YOLO26m,dior_public_mirror,vessel,ap50,20260724,0.11691780161370752,0.025876227640651006,0.09104157397305651,0.1286173094410517,0.038786445186286045,0.08983086425476566,0.09043621911391109,-0.0012107097182908477,0.011699507827344191,0.012910217545635039
YOLO26m,dior_public_mirror,vessel,ap50,20260725,0.11383585062153177,0.02658873597077517,0.0872471146507566,0.1307798834538746,0.005417077411048049,0.12536280604282654,0.10630496034679157,0.03811569139206994,0.016944032832342817,-0.021171658559727122
YOLO26m,dior_public_mirror,vessel,ap50,20260726,0.11836039961989292,0.024680453622775225,0.0936799459971177,0.12922478534000753,0.03403573355660243,0.0951890517834051,0.0944344988902614,0.0015091057862874069,0.010864385720114611,0.009355279933827204
YOLO26m,dior_public_mirror,vessel,ap50,20260727,0.12618088266302901,0.03182103501616901,0.09435984764686,0.13533029676958191,0.029007013422399155,0.10632328334718276,0.10034156549702139,0.011963435700322753,0.0091494141065529,-0.0028140215937698526
YOLO26m,dior_public_mirror,vessel,ap50,20260728,0.11214401752887096,0.03318667102618503,0.07895734650268593,-0.019525046214760783,0.03304674758892377,-0.052571793803684555,0.013192776349500689,-0.13152914030637047,-0.13166906374363174,-0.0001399234372612551
YOLO26m,dior_public_mirror,vessel,ap50,20260729,0.1086541856785728,0.022631789610937855,0.08602239606763494,0.1279581175442473,0.013484462282473533,0.11447365526177376,0.10024802566470435,0.028451259194138823,0.0193039318656745,-0.009147327328464322
YOLO26m,dior_public_mirror,vessel,ap50,20260730,0.11441649409086063,0.03109834229733323,0.0833181517935274,0.121248487873018,0.02782464312496452,0.09342384474805347,0.08837099827079044,0.010105692954526069,0.006831993782157361,-0.0032736991723687076
YOLO26m,dior_public_mirror,vessel,ap50,20260731,0.11151603604975441,0.021453959126834163,0.09006207692292025,0.1269468606449421,0.023885922207254745,0.10306093843768735,0.0965615076803038,0.012998861514767104,0.015430824595187687,0.002431963080420582
YOLO26m,dior_public_mirror,vessel,ap50,20260732,0.11347072243481873,0.03158704306436429,0.08188367937045445,0.12348518355431454,0.03452310518495526,0.08896207836935928,0.08542287886990686,0.0070783989989048335,0.010014461119495804,0.002936062120590971
YOLO26m,dior_public_mirror,vessel,ap75,20260723,0.017805118847909928,0.007509356199898445,0.010295762648011483,0.019576984810059175,0.0029348582580254207,0.016642126552033752,0.013468944600022618,0.006346363904022269,0.0017718659621492466,-0.004574497941873024
YOLO26m,dior_public_mirror,vessel,ap75,20260724,0.018038029077378257,0.005366945092270637,0.01267108398510762,0.019441330382183403,0.009860926140525724,0.009580404241657679,0.01112574411338265,-0.003090679743449941,0.0014033013048051456,0.004493981048255087
YOLO26m,dior_public_mirror,vessel,ap75,20260725,0.020563835787425114,0.0072085918724498,0.013355243914975314,0.0197632332298003,0.004219818354262118,0.01554341487553818,0.014449329395256748,0.002188170960562867,-0.0008006025576248153,-0.002988773518187682
YOLO26m,dior_public_mirror,vessel,ap75,20260726,0.018783523472614055,0.006998815051814114,0.011784708420799941,0.019613728001813237,0.008889681215049225,0.010724046786764013,0.011254377603781977,-0.0010606616340359289,0.0008302045291991821,0.001890866163235111
YOLO26m,dior_public_mirror,vessel,ap75,20260727,0.020907449868268757,0.008257769243230902,0.012649680625037855,0.021101674532060327,0.005489925931640965,0.015611748600419362,0.014130714612728608,0.002962067975381507,0.0001942246637915701,-0.002767843311589937
YOLO26m,dior_public_mirror,vessel,ap75,20260728,0.020008827191288565,0.009102105658564133,0.010906721532724432,-0.0016900073090018973,0.005211455827080425,-0.0069014631360823225,0.0020026291983210546,-0.017808184668806754,-0.021698834500290462,-0.0038906498314837078
YOLO26m,dior_public_mirror,vessel,ap75,20260729,0.016672683662367422,0.0055489398483713395,0.011123743813996083,0.019757704917883645,0.00332632317753369,0.016431381740349957,0.01377756277717302,0.005307637926353874,0.003085021255516223,-0.0022226166708376495
YOLO26m,dior_public_mirror,vessel,ap75,20260730,0.017995831587076905,0.008810027139560061,0.009185804447516844,0.020414939987566456,0.0055009012087274215,0.014914038778839034,0.012049921613177939,0.005728234331322191,0.002419108400489551,-0.0033091259308326397
YOLO26m,dior_public_mirror,vessel,ap75,20260731,0.020019322993254048,0.005268949711892193,0.014750373281361855,0.021819504878515382,0.0065309639708566285,0.015288540907658753,0.015019457094510304,0.0005381676262968989,0.0018001818852613344,0.0012620142589644355
YOLO26m,dior_public_mirror,vessel,ap75,20260732,0.020842413604113125,0.0074801474998828395,0.013362266104230285,0.019589083843748835,0.007667869178197208,0.011921214665551627,0.012641740384890956,-0.0014410514386786581,-0.0012533297603642898,0.00018772167831436828
YOLO26m,dior_public_mirror,aggregate,ap50_95,20260723,0.04199905981749816,0.012513262003449828,0.02948579781404833,0.04681258666101053,0.0153003052390094,0.03151228142200113,0.03049903961802473,0.0020264836079528017,0.00481352684351237,0.0027870432355595713
YOLO26m,dior_public_mirror,aggregate,ap50_95,20260724,0.04339420250361101,0.010298163143593927,0.03309603936001708,0.047499165692962704,0.015539149929349287,0.03196001576361342,0.03252802756181525,-0.0011360235964036625,0.004104963189351697,0.00524098678575536
YOLO26m,dior_public_mirror,aggregate,ap50_95,20260725,0.043142760757709724,0.010645084354999425,0.0324976764027103,0.04886899053104567,0.0033257489408398885,0.04554324159020578,0.039020458996458035,0.01304556518749548,0.005726229773335943,-0.007319335414159536
YOLO26m,dior_public_mirror,aggregate,ap50_95,20260726,0.0444750522698799,0.010596325806061728,0.03387872646381817,0.048667568930695175,0.013846561440926643,0.03482100748976853,0.03434986697679335,0.0009422810259503631,0.004192516660815278,0.0032502356348649147
YOLO26m,dior_public_mirror,aggregate,ap50_95,20260727,0.04718988202723062,0.013064375040653532,0.03412550698657709,0.050247924537349845,0.011105244734482971,0.03914267980286687,0.036634093394721984,0.005017172816289779,0.0030580425101192216,-0.001959130306170561
YOLO26m,dior_public_mirror,aggregate,ap50_95,20260728,0.0427138229269753,0.015026409093705853,0.027687413833269447,-0.006317581105315481,0.01224571492851137,-0.01856329603382685,0.004562058899721298,-0.0462507098670963,-0.04903140403229078,-0.0027806941651944833
YOLO26m,dior_public_mirror,aggregate,ap50_95,20260729,0.04050078850815564,0.009584239807965349,0.03091654870019029,0.04775524433560802,0.006061493792002243,0.04169375054360578,0.036305149621898035,0.01077720184341549,0.007254455827452384,-0.003522746015963106
YOLO26m,dior_public_mirror,aggregate,ap50_95,20260730,0.04300888989542421,0.013300437276312714,0.029708452619111494,0.04583482851059766,0.01135397301316116,0.0344808554974365,0.032094654058274,0.004772402878325005,0.002825938615173454,-0.0019464642631515545
YOLO26m,dior_public_mirror,aggregate,ap50_95,20260731,0.041888309282999775,0.008984180317768528,0.03290412896523125,0.04769987128816468,0.009111013500191258,0.03858885778797342,0.03574649337660234,0.005684728822742173,0.0058115620051649025,0.0001268331824227295
YOLO26m,dior_public_mirror,aggregate,ap50_95,20260732,0.0432704144279194,0.01264278862577196,0.03062762580214744,0.046500017956588854,0.013095542278809023,0.033404475677779835,0.032016050739963636,0.0027768498756323944,0.003229603528669453,0.0004527536530370621
YOLO26m,dior_public_mirror,aggregate,ap50,20260723,0.11376319533223789,0.028622107575003282,0.08514108775723461,0.12698198903385,0.047466512767727356,0.07951547626612264,0.08232828201167863,-0.005625611491111973,0.013218793701612108,0.018844405192724074
YOLO26m,dior_public_mirror,aggregate,ap50,20260724,0.11691780161370752,0.025876227640651006,0.09104157397305651,0.1286173094410517,0.038786445186286045,0.08983086425476566,0.09043621911391109,-0.0012107097182908477,0.011699507827344191,0.012910217545635039
YOLO26m,dior_public_mirror,aggregate,ap50,20260725,0.11383585062153177,0.02658873597077517,0.0872471146507566,0.1307798834538746,0.005417077411048049,0.12536280604282654,0.10630496034679157,0.03811569139206994,0.016944032832342817,-0.021171658559727122
YOLO26m,dior_public_mirror,aggregate,ap50,20260726,0.11836039961989292,0.024680453622775225,0.0936799459971177,0.12922478534000753,0.03403573355660243,0.0951890517834051,0.0944344988902614,0.0015091057862874069,0.010864385720114611,0.009355279933827204
YOLO26m,dior_public_mirror,aggregate,ap50,20260727,0.12618088266302901,0.03182103501616901,0.09435984764686,0.13533029676958191,0.029007013422399155,0.10632328334718276,0.10034156549702139,0.011963435700322753,0.0091494141065529,-0.0028140215937698526
YOLO26m,dior_public_mirror,aggregate,ap50,20260728,0.11214401752887096,0.03318667102618503,0.07895734650268593,-0.019525046214760783,0.03304674758892377,-0.052571793803684555,0.013192776349500689,-0.13152914030637047,-0.13166906374363174,-0.0001399234372612551
YOLO26m,dior_public_mirror,aggregate,ap50,20260729,0.1086541856785728,0.022631789610937855,0.08602239606763494,0.1279581175442473,0.013484462282473533,0.11447365526177376,0.10024802566470435,0.028451259194138823,0.0193039318656745,-0.009147327328464322
YOLO26m,dior_public_mirror,aggregate,ap50,20260730,0.11441649409086063,0.03109834229733323,0.0833181517935274,0.121248487873018,0.02782464312496452,0.09342384474805347,0.08837099827079044,0.010105692954526069,0.006831993782157361,-0.0032736991723687076
YOLO26m,dior_public_mirror,aggregate,ap50,20260731,0.11151603604975441,0.021453959126834163,0.09006207692292025,0.1269468606449421,0.023885922207254745,0.10306093843768735,0.0965615076803038,0.012998861514767104,0.015430824595187687,0.002431963080420582
YOLO26m,dior_public_mirror,aggregate,ap50,20260732,0.11347072243481873,0.03158704306436429,0.08188367937045445,0.12348518355431454,0.03452310518495526,0.08896207836935928,0.08542287886990686,0.0070783989989048335,0.010014461119495804,0.002936062120590971
YOLO26m,dior_public_mirror,aggregate,ap75,20260723,0.017805118847909928,0.007509356199898445,0.010295762648011483,0.019576984810059175,0.0029348582580254207,0.016642126552033752,0.013468944600022618,0.006346363904022269,0.0017718659621492466,-0.004574497941873024
YOLO26m,dior_public_mirror,aggregate,ap75,20260724,0.018038029077378257,0.005366945092270637,0.01267108398510762,0.019441330382183403,0.009860926140525724,0.009580404241657679,0.01112574411338265,-0.003090679743449941,0.0014033013048051456,0.004493981048255087
YOLO26m,dior_public_mirror,aggregate,ap75,20260725,0.020563835787425114,0.0072085918724498,0.013355243914975314,0.0197632332298003,0.004219818354262118,0.01554341487553818,0.014449329395256748,0.002188170960562867,-0.0008006025576248153,-0.002988773518187682
YOLO26m,dior_public_mirror,aggregate,ap75,20260726,0.018783523472614055,0.006998815051814114,0.011784708420799941,0.019613728001813237,0.008889681215049225,0.010724046786764013,0.011254377603781977,-0.0010606616340359289,0.0008302045291991821,0.001890866163235111
YOLO26m,dior_public_mirror,aggregate,ap75,20260727,0.020907449868268757,0.008257769243230902,0.012649680625037855,0.021101674532060327,0.005489925931640965,0.015611748600419362,0.014130714612728608,0.002962067975381507,0.0001942246637915701,-0.002767843311589937
YOLO26m,dior_public_mirror,aggregate,ap75,20260728,0.020008827191288565,0.009102105658564133,0.010906721532724432,-0.0016900073090018973,0.005211455827080425,-0.0069014631360823225,0.0020026291983210546,-0.017808184668806754,-0.021698834500290462,-0.0038906498314837078
YOLO26m,dior_public_mirror,aggregate,ap75,20260729,0.016672683662367422,0.0055489398483713395,0.011123743813996083,0.019757704917883645,0.00332632317753369,0.016431381740349957,0.01377756277717302,0.005307637926353874,0.003085021255516223,-0.0022226166708376495
YOLO26m,dior_public_mirror,aggregate,ap75,20260730,0.017995831587076905,0.008810027139560061,0.009185804447516844,0.020414939987566456,0.0055009012087274215,0.014914038778839034,0.012049921613177939,0.005728234331322191,0.002419108400489551,-0.0033091259308326397
YOLO26m,dior_public_mirror,aggregate,ap75,20260731,0.020019322993254048,0.005268949711892193,0.014750373281361855,0.021819504878515382,0.0065309639708566285,0.015288540907658753,0.015019457094510304,0.0005381676262968989,0.0018001818852613344,0.0012620142589644355
YOLO26m,dior_public_mirror,aggregate,ap75,20260732,0.020842413604113125,0.0074801474998828395,0.013362266104230285,0.019589083843748835,0.007667869178197208,0.011921214665551627,0.012641740384890956,-0.0014410514386786581,-0.0012533297603642898,0.00018772167831436828
